#SampleID	Date	Pooled	Family	GenusSpecies	SampleType	SampleIDcopy
SedROV031	2017	Sed_ROV03	Sed_ROV03_1	Sed_ROV03_1	Sediment	Sed_ROV03_1
SedROV032	2017	Sed_ROV03	Sed_ROV03_2	Sed_ROV03_2	Sediment	Sed_ROV03_2
SedROV033	2017	Sed_ROV03	Sed_ROV03_3	Sed_ROV03_3	Sediment	Sed_ROV03_3
SedROV061	2017	Sed_ROV06	Sed_ROV06_1	Sed_ROV06_1	Sediment	Sed_ROV06_1
SedROV062	2017	Sed_ROV06	Sed_ROV06_2	Sed_ROV06_2	Sediment	Sed_ROV06_2
SedROV063	2017	Sed_ROV06	Sed_ROV06_3	Sed_ROV06_3	Sediment	Sed_ROV06_3
SEDROV121	2017	Sed_ROV12	Sed_ROV12_1	Sed_ROV12_1	Sediment	Sed_ROV12_1
SEDROV122	2017	Sed_ROV12	Sed_ROV12_2	Sed_ROV12_2	Sediment	Sed_ROV12_2
SEDROV123	2017	Sed_ROV12	Sed_ROV12_3	Sed_ROV12_3	Sediment	Sed_ROV12_3
SEDROV141	2017	Sed_ROV14	Sed_ROV14_1	Sed_ROV14_1	Sediment	Sed_ROV14_1
SEDROV142	2017	Sed_ROV14	Sed_ROV14_2	Sed_ROV14_2	Sediment	Sed_ROV14_2
SEDROV143	2017	Sed_ROV14	Sed_ROV14_3	Sed_ROV14_3	Sediment	Sed_ROV14_3
SEDROV151	2017	Sed_ROV15	Sed_ROV15_1	Sed_ROV15_1	Sediment	Sed_ROV15_1
SEDROV152	2017	Sed_ROV15	Sed_ROV15_2	Sed_ROV15_2	Sediment	Sed_ROV15_2
SEDROV153	2017	Sed_ROV15	Sed_ROV15_3	Sed_ROV15_3	Sediment	Sed_ROV15_3
SEDROV161	2017	Sed_ROV16	Sed_ROV16_1	Sed_ROV16_1	Sediment	Sed_ROV16_1
SEDROV162	2017	Sed_ROV16	Sed_ROV16_2	Sed_ROV16_2	Sediment	Sed_ROV16_2
SEDROV163	2017	Sed_ROV16	Sed_ROV16_3	Sed_ROV16_3	Sediment	Sed_ROV16_3
SEDROV181	2017	Sed_ROV18	Sed_ROV18_1	Sed_ROV18_1	Sediment	Sed_ROV18_1
SEDROV182	2017	Sed_ROV18	Sed_ROV18_2	Sed_ROV18_2	Sediment	Sed_ROV18_2
SEDROV183	2017	Sed_ROV18	Sed_ROV18_3	Sed_ROV18_3	Sediment	Sed_ROV18_3
SO25421	2017	SW_2	SW_2_1	SW_2_1	Seawater	SO254_2_1
SO25422	2017	SW_2	SW_2_2	SW_2_2	Seawater	SO254_2_2
SO25423	2017	SW_2	SW_2_3	SW_2_3	Seawater	SO254_2_3
SO25481	2017	SW_8	SW_8_1	SW_8_1	Seawater	SO254_8_1
SO25482	2017	SW_8	SW_8_2	SW_8_2	Seawater	SO254_8_2
SO25483	2017	SW_8	SW_8_3	SW_8_3	Seawater	SO254_8_3
SO254141	2017	SW_14	SW_14_1	SW_14_1	Seawater	SO254_14_1
SO254142	2017	SW_14	SW_14_2	SW_14_2	Seawater	SO254_14_2
SO254143	2017	SW_14	SW_14_3	SW_14_3	Seawater	SO254_14_3
SO254181	2017	SW_18	SW_18_1	SW_18_1	Seawater	SO254_18_1
SO254182	2017	SW_18	SW_18_2	SW_18_2	Seawater	SO254_18_2
SO254183	2017	SW_18	SW_18_3	SW_18_3	Seawater	SO254_18_3
SO254231	2017	SW_23	SW_23_1	SW_23_1	Seawater	SO254_23_1
SO254232	2017	SW_23	SW_23_2	SW_23_2	Seawater	SO254_23_2
SO254233	2017	SW_23	SW_23_3	SW_23_3	Seawater	SO254_23_3
SO254331	2017	SW_33	SW_33_1	SW_33_1	Seawater	SO254_33_1
SO254332	2017	SW_33	SW_33_2	SW_33_2	Seawater	SO254_33_2
SO254333	2017	SW_33	SW_33_3	SW_33_3	Seawater	SO254_33_3
SO254361	2017	SW_36	SW_36_1	SW_36_1	Seawater	SO254_36_1
SO254362	2017	SW_36	SW_36_2	SW_36_2	Seawater	SO254_36_2
SO254363	2017	SW_36	SW_36_3	SW_36_3	Seawater	SO254_36_3
SO25436Kreiselpumpe1	2017	SW_36_Kreiselpumpe	SW_36_Kreiselpumpe_1	SW_36_Kreiselpumpe_1	Seawater	SO254_36_Kreiselpumpe_1
SO25436Kreiselpumpe2	2017	SW_36_Kreiselpumpe	SW_36_Kreiselpumpe_2	SW_36_Kreiselpumpe_2	Seawater	SO254_36_Kreiselpumpe_2
SO25436Kreiselpumpe3	2017	SW_36_Kreiselpumpe	SW_36_Kreiselpumpe_3	SW_36_Kreiselpumpe_3	Seawater	SO254_36_Kreiselpumpe_3
SO254761	2017	SW_76	SW_76_1	SW_76_1	Seawater	SO254_76_1
SO254762	2017	SW_76	SW_76_2	SW_76_2	Seawater	SO254_76_2
SO254763	2017	SW_76	SW_76_3	SW_76_3	Seawater	SO254_76_3
SO254771	2017	SW_77	SW_77_1	SW_77_1	Seawater	SO254_77_1
SO254772	2017	SW_77	SW_77_2	SW_77_2	Seawater	SO254_77_2
SO254773	2017	SW_77	SW_77_3	SW_77_3	Seawater	SO254_77_3
SO254781	2017	SW_78	SW_78_1	SW_78_1	Seawater	SO254_78_1
SO254782	2017	SW_78	SW_78_2	SW_78_2	Seawater	SO254_78_2
SO254783	2017	SW_78	SW_78_3	SW_78_3	Seawater	SO254_78_3
SO254811	2017	SW_81	SW_81_1	SW_81_1	Seawater	SO254_81_1
SO254812	2017	SW_81	SW_81_2	SW_81_2	Seawater	SO254_81_2
SO254813	2017	SW_81	SW_81_3	SW_81_3	Seawater	SO254_81_3
SO254841	2017	SW_84	SW_84_1	SW_84_1	Seawater	SO254_84_1
SO254842	2017	SW_84	SW_84_2	SW_84_2	Seawater	SO254_84_2
SO254843	2017	SW_84	SW_84_3	SW_84_3	Seawater	SO254_84_3
SO254851	2017	SW_85	SW_85_1	SW_85_1	Seawater	SO254_85_1
SO254852	2017	SW_85	SW_85_2	SW_85_2	Seawater	SO254_85_2
SO254853	2017	SW_85	SW_85_3	SW_85_3	Seawater	SO254_85_3
SO25411	2017	SW_1	SW_1_1	SW_1_1	Seawater	SO254_1_1
SO25412	2017	SW_1	SW_1_2	SW_1_2	Seawater	SO254_1_2
SO25413	2017	SW_1	SW_1_3	SW_1_3	Seawater	SO254_1_3
SO254341	2017	SW_34	SW_34_1	SW_34_1	Seawater	SO254_34_1
SO254342	2017	SW_34	SW_34_2	SW_34_2	Seawater	SO254_34_2
SO254343	2017	SW_34	SW_34_3	SW_34_3	Seawater	SO254_34_3
NZ001	2017	unclassified sponge	unclassified sponge	unclassified Sponge NZ-001	Sponge	NZ-001
NZ002	2017	unclassified sponge	unclassified sponge	unclassified Sponge NZ-002	Sponge	NZ-002
NZ004	2017	Farreidae	Farreidae	Farrea sp. 2	Sponge	NZ-004
NZ005	2017	Rossellidae	Rossellidae	Lophocalyx sp.	Sponge	NZ-005
NZ008	2017	unclassified sponge	unclassified sponge	unclassified Sponge NZ-008	Sponge	NZ-008
NZ010	2017	unclassified sponge	unclassified sponge	unclassified Sponge NZ-010	Sponge	NZ-010
NZ011	2017	unclassified sponge	unclassified sponge	unclassified Sponge NZ-011	Sponge	NZ-011
NZ012	2017	Euplectellidae	Euplectellidae	Saccocalyx n. sp.	Sponge	NZ-012
NZ013	2017	unclassified sponge	unclassified sponge	unclassified Sponge NZ-013	Sponge	NZ-013
NZ014	2017	Rossellidae	Rossellidae	Lophocalyx sp.	Sponge	NZ-014
NZ015	2017	Farreidae	Farreidae	Farrea sp. 3	Sponge	NZ-015
NZ016	2017	Rossellidae	Rossellidae	Rossellinae indet.	Sponge	NZ-016
NZ017	2017	Aulocalycidae	Aulocalycidae	Aulocalyx serialis	Sponge	NZ-017
NZ019	2017	unclassified sponge	unclassified sponge	unclassified Sponge NZ-019	Sponge	NZ-019
NZ020	2017	unclassified sponge	unclassified sponge	unclassified Sponge NZ-020	Sponge	NZ-020
NZ028	2017	Euretidae	Euretidae	Eurete sp. 1	Sponge	NZ-028
NZ029	2017	Euplectellidae	Euplectellidae	Saccocalyx n. sp.	Sponge	NZ-029
NZ030	2017	Euplectellidae	Euplectellidae	Amphidiscella n. sp. 1	Sponge	NZ-030
NZ031	2017	Euplectellidae	Euplectellidae	Amphidiscella n. sp. 1	Sponge	NZ-031
NZ032	2017	Euplectellidae	Euplectellidae	Amphidiscella n. sp. 1	Sponge	NZ-032
NZ033	2017	Euplectellidae	Euplectellidae	Amphidiscella n. sp. 1	Sponge	NZ-033
NZ034	2017	Euplectellidae	Euplectellidae	Amphidiscella n. sp. 2	Sponge	NZ-034
NZ035	2017	Euplectellidae	Euplectellidae	Bolosominae n. gen. 2	Sponge	NZ-035
NZ037	2017	unclassified sponge	unclassified sponge	unclassified Sponge NZ-037	Sponge	NZ-037
NZ038	2017	unclassified sponge	unclassified sponge	unclassified Sponge NZ-038	Sponge	NZ-038
NZ0261	2017	unclassified sponge	unclassified sponge	unclassified Sponge NZ-026_1	Sponge	NZ-026_1
NZ040	2017	unclassified sponge	unclassified sponge	unclassified Sponge NZ-040	Sponge	NZ-040
NZ041	2017	unclassified sponge	unclassified sponge	unclassified Sponge NZ-041	Sponge	NZ-041
NZ042	2017	unclassified sponge	unclassified sponge	unclassified Sponge NZ-042	Sponge	NZ-042
NZ043	2017	unclassified sponge	unclassified sponge	unclassified Sponge NZ-043	Sponge	NZ-043
NZ045	2017	unclassified sponge	unclassified sponge	unclassified Sponge NZ-045	Sponge	NZ-045
NZ046	2017	unclassified sponge	unclassified sponge	unclassified Sponge NZ-046	Sponge	NZ-046
NZ047	2017	unclassified sponge	unclassified sponge	unclassified Sponge NZ-047	Sponge	NZ-047
NZ048	2017	unclassified sponge	unclassified sponge	unclassified Sponge NZ-048	Sponge	NZ-048
NZ049	2017	unclassified sponge	unclassified sponge	unclassified Sponge NZ-049	Sponge	NZ-049
NZ050	2017	unclassified sponge	unclassified sponge	unclassified Sponge NZ-050	Sponge	NZ-050
NZ062	2017	unclassified sponge	unclassified sponge	unclassified Sponge NZ-062	Sponge	NZ-062
NZ065	2017	unclassified sponge	unclassified sponge	unclassified Sponge NZ-065	Sponge	NZ-065
NZ083	2017	Aulocalycidae	Aulocalycidae	Rhabdodictyum n. sp.	Sponge	NZ-083
NZ84	2017	unclassified sponge	unclassified sponge	unclassified Sponge NZ-84	Sponge	NZ-84
NZ85	2017	unclassified sponge	unclassified sponge	unclassified Sponge NZ-85	Sponge	NZ-85
NZ120	2017	unclassified sponge	unclassified sponge	unclassified Sponge NZ-120	Sponge	NZ-120
NZ121	2017	Euplectellidae	Euplectellidae	Bolosoma sp.	Sponge	NZ-121
NZ122	2017	Euplectellidae	Euplectellidae	Regadrella sp. 2	Sponge	NZ-122
NZ123	2017	Euplectellidae	Euplectellidae	Regadrella sp. 2	Sponge	NZ-123
NZ124	2017	Euplectellidae	Euplectellidae	Dictyaulus n. sp.	Sponge	NZ-124
NZ125	2017	Euplectellidae	Euplectellidae	Bolosominae n. gen. 3 sp. 1	Sponge	NZ-125
NZ128	2017	unclassified sponge	unclassified sponge	unclassified Sponge NZ-128	Sponge	NZ-128
NZ129	2017	unclassified sponge	unclassified sponge	unclassified Sponge NZ-129	Sponge	NZ-129
NZ130	2017	unclassified sponge	unclassified sponge	unclassified Sponge NZ-130	Sponge	NZ-130
NZ133	2017	unclassified sponge	unclassified sponge	unclassified Sponge NZ-133	Sponge	NZ-133
NZ135	2017	Pheronematidae	Pheronematidae	Pheronema sp.	Sponge	NZ-135
NZ136	2017	unclassified sponge	unclassified sponge	unclassified Sponge NZ-136	Sponge	NZ-136
NZ137	2017	unclassified sponge	unclassified sponge	unclassified Sponge NZ-137	Sponge	NZ-137
NZ138	2017	Pheronematidae	Pheronematidae	Pheronema sp.	Sponge	NZ-138
NZ153	2017	unclassified sponge	unclassified sponge	unclassified Sponge NZ-153	Sponge	NZ-153
NZ158	2017	Leucopsacidae	Leucopsacidae	Leucopsacus distantus	Sponge	NZ-158
NZ159	2017	Rossellidae	Rossellidae	Bathydorus sp. 1	Sponge	NZ-159
NZ160	2017	Rossellidae	Rossellidae	Bathydorus sp. 2	Sponge	NZ-160
NZ161	2017	unclassified sponge	unclassified sponge	unclassified Sponge NZ-161	Sponge	NZ-161
NZ162	2017	Euplectellidae	Euplectellidae	Regadrella n. sp. 1	Sponge	NZ-162
NZ163	2017	Euplectellidae	Euplectellidae	Regadrella n. sp. 1	Sponge	NZ-163
NZ164	2017	Euplectellidae	Euplectellidae	Regadrella n. sp. 1	Sponge	NZ-164
NZ165	2017	Euplectellidae	Euplectellidae	Regadrella n. sp. 1	Sponge	NZ-165
NZ166	2017	Euplectellidae	Euplectellidae	Regadrella okinoseana	Sponge	NZ-166
NZ168	2017	Euplectellidae	Euplectellidae	Regadrella n. sp. 1	Sponge	NZ-168
NZ169	2017	Rossellidae	Rossellidae	Lanuginellinae indet.	Sponge	NZ-169
NZ170	2017	unclassified sponge	unclassified sponge	unclassified Sponge NZ-170	Sponge	NZ-170
NZ176	2017	Aulocalycidae	Aulocalycidae	Aulocalyx n. sp.	Sponge	NZ-176
NZ220	2017	unclassified sponge	unclassified sponge	unclassified Sponge NZ-220	Sponge	NZ-220
NZ221	2017	unclassified sponge	unclassified sponge	unclassified Sponge NZ-221	Sponge	NZ-221
NZ237	2017	Rossellidae	Rossellidae	Scyphidium australiense	Sponge	NZ-237
NZ240	2017	unclassified sponge	unclassified sponge	unclassified Sponge NZ-240	Sponge	NZ-240
NZ241	2017	unclassified sponge	unclassified sponge	unclassified Sponge NZ-241	Sponge	NZ-241
NZ254	2017	unclassified sponge	unclassified sponge	unclassified Sponge NZ-254	Sponge	NZ-254
NZ273	2017	unclassified sponge	unclassified sponge	unclassified Sponge NZ-273	Sponge	NZ-273
NZ274	2017	Rossellidae	Rossellidae	Scyphidium australiense	Sponge	NZ-274
NZ275	2017	unclassified sponge	unclassified sponge	unclassified Sponge NZ-275	Sponge	NZ-275
NZ276	2017	Euretidae	Euretidae	Eurete sp. 2	Sponge	NZ-276
NZ278	2017	Farreidae	Farreidae	Farrea mexicana	Sponge	NZ-278
NZ279	2017	Rossellidae	Rossellidae	Scyphidium australiense	Sponge	NZ-279
NZ296	2017	Euplectellidae	Euplectellidae	Regadrella okinoseana	Sponge	NZ-296
NZ297	2017	Euplectellidae	Euplectellidae	Regadrella okinoseana	Sponge	NZ-297
NZ298	2017	Euplectellidae	Euplectellidae	Regadrella okinoseana	Sponge	NZ-298
NZ299	2017	Euplectellidae	Euplectellidae	Regadrella n. sp. 2	Sponge	NZ-299
NZ300	2017	Leucopsacidae	Leucopsacidae	Leucopsacus distantus	Sponge	NZ-300
NZ301	2017	Aulocalycidae	Aulocalycidae	Aulocalyx n. sp.	Sponge	NZ-301
NZ302	2017	Rossellidae	Rossellidae	Lanuginellinae indet.	Sponge	NZ-302
NZ303	2017	unclassified sponge	unclassified sponge	unclassified Sponge NZ-303	Sponge	NZ-303
NZ304	2017	unclassified sponge	unclassified sponge	unclassified Sponge NZ-304	Sponge	NZ-304
NZ305	2017	unclassified sponge	unclassified sponge	unclassified Sponge NZ-305	Sponge	NZ-305
NZ306	2017	Euplectellidae	Euplectellidae	Bolosominae n. gen. 3 sp. 2	Sponge	NZ-306
NZ310	2017	Rossellidae	Rossellidae	Lanuginellinae indet.	Sponge	NZ-310
NZ311	2017	unclassified sponge	unclassified sponge	unclassified Sponge NZ-311	Sponge	NZ-311
NZ312	2017	unclassified sponge	unclassified sponge	unclassified Sponge NZ-312	Sponge	NZ-312
NZ314	2017	unclassified sponge	unclassified sponge	unclassified Sponge NZ-314	Sponge	NZ-314
NZ315	2017	Rossellidae	Rossellidae	Lanuginellinae indet.	Sponge	NZ-315
NZ316	2017	unclassified sponge	unclassified sponge	unclassified Sponge NZ-316	Sponge	NZ-316
NZ317	2017	Leucopsacidae	Leucopsacidae	Leucopsacus distantus	Sponge	NZ-317
NZ318	2017	Aulocalycidae	Aulocalycidae	Aulocalyx n. sp.	Sponge	NZ-318
NZ319	2017	Rossellidae	Rossellidae	Lanuginellinae indet.	Sponge	NZ-319
NZ321	2017	Euplectellidae	Euplectellidae	Saccocalyx n. sp.	Sponge	NZ-321
NZ322	2017	Euplectellidae	Euplectellidae	Saccocalyx n. sp.	Sponge	NZ-322
NZ323	2017	Euplectellidae	Euplectellidae	Saccocalyx n. sp.	Sponge	NZ-323
NZ324	2017	unclassified sponge	unclassified sponge	unclassified Sponge NZ-324	Sponge	NZ-324
NZ325	2017	Leucopsacidae	Leucopsacidae	Chaunoplectella n. sp.	Sponge	NZ-325
NZ326	2017	unclassified sponge	unclassified sponge	unclassified Sponge NZ-326	Sponge	NZ-326
NZ337	2017	Pheronematidae	Pheronematidae	Poliopogon n. sp.	Sponge	NZ-337
NZ338	2017	Rossellidae	Rossellidae	Caulophacus (Caulophacus) discohexactinus	Sponge	NZ-338
NZ339	2017	Euplectellidae	Euplectellidae	Bolosoma cyanae	Sponge	NZ-339
NZ340	2017	unclassified sponge	unclassified sponge	unclassified Sponge NZ-340	Sponge	NZ-340
NZ341	2017	Euplectellidae	Euplectellidae	Bolosoma cyanae	Sponge	NZ-341
NZ342	2017	Rossellidae	Rossellidae	Caulophacus (Caulophacus) discohexaster	Sponge	NZ-342
NZ343	2017	Rossellidae	Rossellidae	Caulophacus (Caulophacus) discohexaster	Sponge	NZ-343
NZ345	2017	Farreidae	Farreidae	Farrea sp. 4	Sponge	NZ-345
NZ346	2017	Euplectellidae	Euplectellidae	Bolosoma cyanae	Sponge	NZ-346
NZ347	2017	unclassified sponge	unclassified sponge	unclassified Sponge NZ-347	Sponge	NZ-347
NZ348	2017	unclassified sponge	unclassified sponge	unclassified Sponge NZ-348	Sponge	NZ-348
NZ349	2017	Aulocalycidae	Aulocalycidae	Aulocalyx serialis	Sponge	NZ-349
NZ350	2017	Euplectellidae	Euplectellidae	Regadrella sp. 2	Sponge	NZ-350
NZ006	2017	unclassified sponge	unclassified sponge	unclassified Sponge NZ-006	Sponge	NZ-006
NZ007	2017	unclassified sponge	unclassified sponge	unclassified Sponge NZ-007	Sponge	NZ-007
NZ0262	2017	unclassified sponge	unclassified sponge	unclassified Sponge NZ-026_2	Sponge	NZ-026_2
NZ051	2017	unclassified sponge	unclassified sponge	unclassified Sponge NZ-051	Sponge	NZ-051
NZ052	2017	unclassified sponge	unclassified sponge	unclassified Sponge NZ-052	Sponge	NZ-052
NZ058	2017	unclassified sponge	unclassified sponge	unclassified Sponge NZ-058	Sponge	NZ-058
NZ059	2017	unclassified sponge	unclassified sponge	unclassified Sponge NZ-059	Sponge	NZ-059
NZ061	2017	unclassified sponge	unclassified sponge	unclassified Sponge NZ-061	Sponge	NZ-061
NZ064	2017	unclassified sponge	unclassified sponge	unclassified Sponge NZ-064	Sponge	NZ-064
NZ073	2017	unclassified sponge	unclassified sponge	unclassified Sponge NZ-073	Sponge	NZ-073
NZ109	2017	unclassified sponge	unclassified sponge	unclassified Sponge NZ-109	Sponge	NZ-109
NZ110	2017	unclassified sponge	unclassified sponge	unclassified Sponge NZ-110	Sponge	NZ-110
NZ111	2017	unclassified sponge	unclassified sponge	unclassified Sponge NZ-111	Sponge	NZ-111
NZ112	2017	unclassified sponge	unclassified sponge	unclassified Sponge NZ-112	Sponge	NZ-112
NZ113	2017	unclassified sponge	unclassified sponge	unclassified Sponge NZ-113	Sponge	NZ-113
NZ114	2017	unclassified sponge	unclassified sponge	unclassified Sponge NZ-114	Sponge	NZ-114
NZ115	2017	unclassified sponge	unclassified sponge	unclassified Sponge NZ-115	Sponge	NZ-115
NZ116	2017	unclassified sponge	unclassified sponge	unclassified Sponge NZ-116	Sponge	NZ-116
NZ117	2017	unclassified sponge	unclassified sponge	unclassified Sponge NZ-117	Sponge	NZ-117
NZ126	2017	Euplectellidae	Euplectellidae	Bolosoma cyanae	Sponge	NZ-126
NZ127	2017	unclassified sponge	unclassified sponge	unclassified Sponge NZ-127	Sponge	NZ-127
NZ131	2017	unclassified sponge	unclassified sponge	unclassified Sponge NZ-131	Sponge	NZ-131
NZ132	2017	unclassified sponge	unclassified sponge	unclassified Sponge NZ-132	Sponge	NZ-132
NZ134	2017	unclassified sponge	unclassified sponge	unclassified Sponge NZ-134	Sponge	NZ-134
NZ139	2017	unclassified sponge	unclassified sponge	unclassified Sponge NZ-139	Sponge	NZ-139
NZ140	2017	unclassified sponge	unclassified sponge	unclassified Sponge NZ-140	Sponge	NZ-140
NZ1571	2017	unclassified sponge	unclassified sponge	unclassified Sponge NZ-157_1	Sponge	NZ-157_1
NZ167	2017	unclassified sponge	unclassified sponge	unclassified Sponge NZ-167	Sponge	NZ-167
NZ188	2017	unclassified sponge	unclassified sponge	unclassified Sponge NZ-188	Sponge	NZ-188
NZ200	2017	unclassified sponge	unclassified sponge	unclassified Sponge NZ-200	Sponge	NZ-200
NZ201	2017	unclassified sponge	unclassified sponge	unclassified Sponge NZ-201	Sponge	NZ-201
NZ202	2017	unclassified sponge	unclassified sponge	unclassified Sponge NZ-202	Sponge	NZ-202
NZ203	2017	unclassified sponge	unclassified sponge	unclassified Sponge NZ-203	Sponge	NZ-203
NZ204	2017	unclassified sponge	unclassified sponge	unclassified Sponge NZ-204	Sponge	NZ-204
NZ205	2017	unclassified sponge	unclassified sponge	unclassified Sponge NZ-205	Sponge	NZ-205
NZ206	2017	unclassified sponge	unclassified sponge	unclassified Sponge NZ-206	Sponge	NZ-206
NZ207	2017	unclassified sponge	unclassified sponge	unclassified Sponge NZ-207	Sponge	NZ-207
NZ208	2017	unclassified sponge	unclassified sponge	unclassified Sponge NZ-208	Sponge	NZ-208
NZ209	2017	unclassified sponge	unclassified sponge	unclassified Sponge NZ-209	Sponge	NZ-209
NZ210	2017	unclassified sponge	unclassified sponge	unclassified Sponge NZ-210	Sponge	NZ-210
NZ211	2017	unclassified sponge	unclassified sponge	unclassified Sponge NZ-211	Sponge	NZ-211
NZ212	2017	unclassified sponge	unclassified sponge	unclassified Sponge NZ-212	Sponge	NZ-212
NZ213	2017	unclassified sponge	unclassified sponge	unclassified Sponge NZ-213	Sponge	NZ-213
NZ214	2017	unclassified sponge	unclassified sponge	unclassified Sponge NZ-214	Sponge	NZ-214
NZ215	2017	unclassified sponge	unclassified sponge	unclassified Sponge NZ-215	Sponge	NZ-215
NZ216	2017	unclassified sponge	unclassified sponge	unclassified Sponge NZ-216	Sponge	NZ-216
NZ217	2017	unclassified sponge	unclassified sponge	unclassified Sponge NZ-217	Sponge	NZ-217
NZ218	2017	unclassified sponge	unclassified sponge	unclassified Sponge NZ-218	Sponge	NZ-218
NZ219	2017	unclassified sponge	unclassified sponge	unclassified Sponge NZ-219	Sponge	NZ-219
NZ222	2017	unclassified sponge	unclassified sponge	unclassified Sponge NZ-222	Sponge	NZ-222
NZ223	2017	unclassified sponge	unclassified sponge	unclassified Sponge NZ-223	Sponge	NZ-223
NZ224	2017	unclassified sponge	unclassified sponge	unclassified Sponge NZ-224	Sponge	NZ-224
NZ225	2017	unclassified sponge	unclassified sponge	unclassified Sponge NZ-225	Sponge	NZ-225
NZ226	2017	unclassified sponge	unclassified sponge	unclassified Sponge NZ-226	Sponge	NZ-226
NZ227	2017	unclassified sponge	unclassified sponge	unclassified Sponge NZ-227	Sponge	NZ-227
NZ228	2017	unclassified sponge	unclassified sponge	unclassified Sponge NZ-228	Sponge	NZ-228
NZ229	2017	unclassified sponge	unclassified sponge	unclassified Sponge NZ-229	Sponge	NZ-229
NZ230	2017	unclassified sponge	unclassified sponge	unclassified Sponge NZ-230	Sponge	NZ-230
NZ231	2017	unclassified sponge	unclassified sponge	unclassified Sponge NZ-231	Sponge	NZ-231
NZ238	2017	unclassified sponge	unclassified sponge	unclassified Sponge NZ-238	Sponge	NZ-238
NZ239	2017	unclassified sponge	unclassified sponge	unclassified Sponge NZ-239	Sponge	NZ-239
NZ242	2017	unclassified sponge	unclassified sponge	unclassified Sponge NZ-242	Sponge	NZ-242
NZ243	2017	unclassified sponge	unclassified sponge	unclassified Sponge NZ-243	Sponge	NZ-243
NZ244	2017	unclassified sponge	unclassified sponge	unclassified Sponge NZ-244	Sponge	NZ-244
NZ246	2017	unclassified sponge	unclassified sponge	unclassified Sponge NZ-246	Sponge	NZ-246
NZ247	2017	unclassified sponge	unclassified sponge	unclassified Sponge NZ-247	Sponge	NZ-247
NZ248	2017	unclassified sponge	unclassified sponge	unclassified Sponge NZ-248	Sponge	NZ-248
NZ249	2017	unclassified sponge	unclassified sponge	unclassified Sponge NZ-249	Sponge	NZ-249
NZ250	2017	unclassified sponge	unclassified sponge	unclassified Sponge NZ-250	Sponge	NZ-250
NZ251	2017	unclassified sponge	unclassified sponge	unclassified Sponge NZ-251	Sponge	NZ-251
NZ252	2017	unclassified sponge	unclassified sponge	unclassified Sponge NZ-252	Sponge	NZ-252
NZ253	2017	unclassified sponge	unclassified sponge	unclassified Sponge NZ-253	Sponge	NZ-253
NZ255	2017	unclassified sponge	unclassified sponge	unclassified Sponge NZ-255	Sponge	NZ-255
NZ256	2017	unclassified sponge	unclassified sponge	unclassified Sponge NZ-256	Sponge	NZ-256
NZ257	2017	unclassified sponge	unclassified sponge	unclassified Sponge NZ-257	Sponge	NZ-257
NZ258	2017	unclassified sponge	unclassified sponge	unclassified Sponge NZ-258	Sponge	NZ-258
NZ259	2017	unclassified sponge	unclassified sponge	unclassified Sponge NZ-259	Sponge	NZ-259
NZ260	2017	unclassified sponge	unclassified sponge	unclassified Sponge NZ-260	Sponge	NZ-260
NZ307	2017	Farreidae	Farreidae	Farrea occa occa	Sponge	NZ-307
NZ344	2017	unclassified sponge	unclassified sponge	unclassified Sponge NZ-344	Sponge	NZ-344
NZ351	2017	unclassified sponge	unclassified sponge	unclassified Sponge NZ-351	Sponge	NZ-351
NZ1572	2017	unclassified sponge	unclassified sponge	unclassified Sponge NZ-157_2	Sponge	NZ-157_2
NIWA127200	2017	NIWA	NIWA	NIWA	NIWA	NIWA127200
NIWA127224	2017	NIWA	NIWA	NIWA	NIWA	NIWA127224
NIWA127239	2017	NIWA	NIWA	NIWA	NIWA	NIWA127239
NIWA127245	2017	NIWA	NIWA	NIWA	NIWA	NIWA127245
Tanja5A	2017	Tanja	Tanja5A	Tanja5A	Tanja	Tanja5A
Tanja5B	2017	Tanja	Tanja5B	Tanja5B	Tanja	Tanja5B
Tanja5C	2017	Tanja	Tanja5C	Tanja5C	Tanja	Tanja5C
PS1069	2017	Sponge	PS-1069	PS-1069	Sponge	PS-1069
TanjaKC1	2017	Tanja	Tanja_K_C1	Tanja_K_C1	Tanja	Tanja_K_C1
TanjaKC2	2017	Tanja	Tanja_K_C2	Tanja_K_C2	Tanja	Tanja_K_C2
TanjaKC3	2017	Tanja	Tanja_K_C3	Tanja_K_C3	Tanja	Tanja_K_C3
Tanja61	2017	Tanja	Tanja6_1	Tanja6_1	Tanja	Tanja6_1
Tanja62	2017	Tanja	Tanja6_2	Tanja6_2	Tanja	Tanja6_2
Tanja63	2017	Tanja	Tanja6_3	Tanja6_3	Tanja	Tanja6_3
Mock1	2017	Mock	Mock1	Mock1	Mock	Mock1
Mock2	2017	Mock	Mock2	Mock2	Mock	Mock2
Mock3	2017	Mock	Mock3	Mock3	Mock	Mock3
Mock4	2017	Mock	Mock4	Mock4	Mock	Mock4
NTC2	2017	NC	NTC2	NTC2	NC	NTC2
NTC3	2017	NC	NTC3	NTC3	NC	NTC3
NTC4	2017	NC	NTC4	NTC4	NC	NTC4
NTC5	2017	NC	NTC5	NTC5	NC	NTC5
NTC6	2017	NC	NTC6	NTC6	NC	NTC6
NTC7	2017	NC	NTC7	NTC7	NC	NTC7
NTC8	2017	NC	NTC8	NTC8	NC	NTC8
NTC1	2017	NC	NTC1	NTC1	NC	NTC1
P2	2017	PosC	P2	P2	PosC	P2
P3	2017	PosC	P3	P3	PosC	P3
P4	2017	PosC	P4	P4	PosC	P4
P5	2017	PosC	P5	P5	PosC	P5
P6	2017	PosC	P6	P6	PosC	P6
P7	2017	PosC	P7	P7	PosC	P7
P8	2017	PosC	P8	P8	PosC	P8
P1	2017	PosC	P1	P1	PosC	P1
