#SampleID	ID	SampleType	Date	SamplingDay	ROVstation	LocationName	SubstrateHabitat	MainGeography	Lon	Lat	Depth	Temp	TaxStat	Pooled	Class	Family	Genus	Species	EnvReplicates	MaxReplicates	MinReplicates	on_board_ID	LIMS-ID
NZ-001	NZ-001	Sponge	30.01.17	Day01	02ROV01	Kiwi Seamount, Three Kings Ridge	na	na	-30.7330856	173.9086609	768	na	OK	Hexactinellida	Hexactinellida	Aphrocallistidae 	Aphrocallistes	Aphrocallistes beatrix	Aphrocallistes beatrix	YES	YES	NZ-001	WB-00079
NZ-002	NZ-002	Sponge	30.01.17	Day01	02ROV01	Kiwi Seamount, Three Kings Ridge	na	na	-30.7325077	173.9098053	759	na	OK	Hexactinellida	Hexactinellida	Aphrocallistidae	Aphrocallistes	Aphrocallistes beatrix	Aphrocallistes beatrix	YES	YES	NZ-002	WB-00080
NZ-008	NZ-008	Sponge	30.01.17	Day01	02ROV01	Kiwi Seamount, Three Kings Ridge	na	na	-30.7325668	173.90979	759	na	BAD	Hexactinellida	Hexactinellida	Aulocalycidae	Rhabdodictyum	BAD Latrunculid	BAD Latrunculid	NO	NO	NZ-008	WB-00083
NZ-006	NZ-006	Sponge	30.01.17	Day01	02ROV01	Kiwi Seamount, Three Kings Ridge	na	na	-30.732502	173.90979	759	na	BAD	Demospongiae	Demospongiae	unknown 4	unknown 4	BAD raspailiid / unknown 4	BAD raspailiid / unknown 4	NO	NO	NZ-006	WB-00202
NZ-004	NZ-004	Sponge	30.01.17	Day01	02ROV01	Kiwi Seamount, Three Kings Ridge	na	na	-30.7325592	173.9097748	759	na	OK	Hexactinellida	Hexactinellida	Farreidae	Farrea	Farrea sp. 2	Farrea sp. 2	NO	NO	NZ-004	WB-00081
NZ-007	NZ-007	Sponge	30.01.17	Day01	02ROV01	Kiwi Seamount, Three Kings Ridge	na	na	-30.7325668	173.90979	759	na	OK	Demospongiae	Demospongiae	Suberitidae	Homaxinella	Homaxinella sp.	Homaxinella sp.	NO	NO	NZ-007	WB-00203
NZ-005	NZ-005	Sponge	30.01.17	Day01	02ROV01	Kiwi Seamount, Three Kings Ridge	na	na	-30.7325897	173.9097748	760	na	OK	Hexactinellida	Hexactinellida	Rossellidae	Lophocalyx	Lophocalyx sp.	Lophocalyx sp.	YES	NO	NZ-005	WB-00082
SO254_1_1	SO254_1	Seawater	30.01.17	Day01	02ROV01	Kiwi Seamount, Three Kings Ridge	na	na	-30.7330856	173.9086609	545	na	na	Seawater	Seawater	Seawater	Seawater	Seawater	Seawater_1	YES	YES	na	na
SO254_1_2	SO254_1	Seawater	30.01.17	Day01	02ROV01	Kiwi Seamount, Three Kings Ridge	na	na	-30.7330856	173.9086609	545	na	na	Seawater	Seawater	Seawater	Seawater	Seawater	Seawater_1	YES	YES	na	na
SO254_1_3	SO254_1	Seawater	30.01.17	Day01	02ROV01	Kiwi Seamount, Three Kings Ridge	na	na	-30.7330856	173.9086609	545	na	na	Seawater	Seawater	Seawater	Seawater	Seawater	Seawater_1	YES	YES	na	na
SO254_2_1	SO254_2	Seawater	30.01.17	Day01	02ROV01	Kiwi Seamount, Three Kings Ridge	na	na	-30.7330856	173.9086609	767	na	na	Seawater	Seawater	Seawater	Seawater	Seawater	Seawater_2	YES	YES	na	na
SO254_2_2	SO254_2	Seawater	30.01.17	Day01	02ROV01	Kiwi Seamount, Three Kings Ridge	na	na	-30.7330856	173.9086609	767	na	na	Seawater	Seawater	Seawater	Seawater	Seawater	Seawater_2	YES	YES	na	na
SO254_2_3	SO254_2	Seawater	30.01.17	Day01	02ROV01	Kiwi Seamount, Three Kings Ridge	na	na	-30.7330856	173.9086609	767	na	na	Seawater	Seawater	Seawater	Seawater	Seawater	Seawater_2	YES	YES	na	na
NZ-017	NZ-017	Sponge	31.01.17	Day02	08ROV02	East of Three Kings Ridge	na	na	-31.3007469	175.1974792	1279	na	OK	Hexactinellida	Hexactinellida	Aulocalycidae	Aulocalyx	Aulocalyx serialis	Aulocalyx serialis	YES	NO	NZ-017	WB-00091
NZ-015	NZ-015	Sponge	31.01.17	Day02	08ROV02	East of Three Kings Ridge	na	na	-31.3000813	175.195755	1386	na	OK	Hexactinellida	Hexactinellida	Farreidae	Farrea	Farrea sp. 3	Farrea sp. 3	NO	NO	NZ-015	WB-00089
NZ-011	NZ-011	Sponge	31.01.17	Day02	08ROV02	East of Three Kings Ridge	na	na	-31.2983494	175.2004547	1216	na	OK	Hexactinellida	Hexactinellida	Farreidae	Farrea	Farrea sp. 4	Farrea sp. 4	YES	NO	NZ-011	WB-00085
NZ-014	NZ-014	Sponge	31.01.17	Day02	08ROV02	East of Three Kings Ridge	na	na	-31.2985859	175.1998596	1249	na	OK	Hexactinellida	Hexactinellida	Rossellidae	Lophocalyx	Lophocalyx sp.	Lophocalyx sp.	YES	NO	NZ-014	WB-00088
NZ-010	NZ-010	Sponge	31.01.17	Day02	08ROV02	East of Three Kings Ridge	na	na	-31.2973347	175.2016907	1139	na	OK	Demospongiae	Demospongiae	Pleromidae	Pleroma	Pleroma menoui	Pleroma menoui	YES	NO	NZ-010	WB-00084
NZ-016	NZ-016	Sponge	31.01.17	Day02	08ROV02	East of Three Kings Ridge	na	na	-31.300642	175.1972198	1285	na	OK	Hexactinellida	Hexactinellida	Rossellidae	Rossellinae	Rossellinae indet.	Rossellinae indet.	NO	NO	NZ-016	WB-00090
NZ-012	NZ-012	Sponge	31.01.17	Day02	08ROV02	East of Three Kings Ridge	na	na	-31.3004074	175.196151	1347	na	OK	Hexactinellida	Hexactinellida	Euplectellidae	Saccocalyx	Saccocalyx n. sp.	Saccocalyx n. sp.	YES	YES	NZ-012	WB-00086
SO254_8_1	SO254_8	Seawater	31.01.17	Day02	08ROV02	East of Three Kings Ridge	na	na	-31.2973347	175.2016907	1219	na	na	Seawater	Seawater	Seawater	Seawater	Seawater	Seawater_8	YES	YES	na	na
SO254_8_2	SO254_8	Seawater	31.01.17	Day02	08ROV02	East of Three Kings Ridge	na	na	-31.2973347	175.2016907	1219	na	na	Seawater	Seawater	Seawater	Seawater	Seawater	Seawater_8	YES	YES	na	na
SO254_8_3	SO254_8	Seawater	31.01.17	Day02	08ROV02	East of Three Kings Ridge	na	na	-31.2973347	175.2016907	1219	na	na	Seawater	Seawater	Seawater	Seawater	Seawater	Seawater_8	YES	YES	na	na
NZ-013	NZ-013	Sponge	31.01.17	Day02	08ROV02	East of Three Kings Ridge	na	na	-31.2988491	175.19963	1335	na	UNKNOWN	unknown sponge	unknown sponge	unknown sponge	unknown sponge	unknown sponge	unknown sponge	NO	NO	NZ-013	WB-00087
NZ-019	NZ-019	Sponge	31.01.17	Day02	08ROV02	East of Three Kings Ridge	na	na	-31.3002853	175.196106	1360	na	UNKNOWN	unknown sponge	unknown sponge	unknown sponge	unknown sponge	unknown sponge	unknown sponge	NO	NO	NZ-019	WB-00092
NZ-020	NZ-020	Sponge	31.01.17	Day02	08ROV02	East of Three Kings Ridge	na	na	-31.3006706	175.1973419	1281	na	OK	Hexactinellida	Hexactinellida	Euplectellidae	Walteria	Walteria leuckarti	Walteria leuckarti	YES	NO	NZ-020	WB-00093
NZ-030	NZ-030	Sponge	01.02.17	Day03	10ROV03	Abyssal Plain between Three Kings Ridge and Coleville Ridge	na	na	-30.9908047	177.5011292	4159	na	OK	Hexactinellida	Hexactinellida	Euplectellidae	Amphidiscella	Amphidiscella n. sp. 1	Amphidiscella n. sp. 1	YES	YES	NZ-030	WB-00097
NZ-031	NZ-031	Sponge	01.02.17	Day03	10ROV03	Abyssal Plain between Three Kings Ridge and Coleville Ridge	na	na	-30.9908218	177.5001373	4160	na	OK	Hexactinellida	Hexactinellida	Euplectellidae	Amphidiscella	Amphidiscella n. sp. 1	Amphidiscella n. sp. 1	YES	YES	NZ-031	WB-00098
NZ-032	NZ-032	Sponge	01.02.17	Day03	10ROV03	Abyssal Plain between Three Kings Ridge and Coleville Ridge	na	na	-30.9908257	177.5003815	4160	na	OK	Hexactinellida	Hexactinellida	Euplectellidae	Amphidiscella	Amphidiscella n. sp. 1	Amphidiscella n. sp. 1	YES	YES	NZ-032	WB-00099
NZ-033	NZ-033	Sponge	01.02.17	Day03	10ROV03	Abyssal Plain between Three Kings Ridge and Coleville Ridge	na	na	-30.990797	177.4998016	4162	na	OK	Hexactinellida	Hexactinellida	Euplectellidae	Amphidiscella	Amphidiscella n. sp. 1	Amphidiscella n. sp. 1	YES	YES	NZ-033	WB-00100
NZ-034	NZ-034	Sponge	01.02.17	Day03	10ROV03	Abyssal Plain between Three Kings Ridge and Coleville Ridge	na	na	-30.9908104	177.5011139	4159	na	OK	Hexactinellida	Hexactinellida	Euplectellidae	Amphidiscella	Amphidiscella n. sp. 2	Amphidiscella n. sp. 2	NO	NO	NZ-034	WB-00101
NZ-035	NZ-035	Sponge	01.02.17	Day03	10ROV03	Abyssal Plain between Three Kings Ridge and Coleville Ridge	na	na	-30.9907799	177.5011902	4159	na	OK	Hexactinellida	Hexactinellida	Euplectellidae	Bolosominae	Bolosominae n. gen. 2	Bolosominae n. gen. 2	NO	NO	NZ-035	WB-00102
NZ-028	NZ-028	Sponge	01.02.17	Day03	10ROV03	Abyssal Plain between Three Kings Ridge and Coleville Ridge	na	na	-30.9908257	177.5003815	4160	na	OK	Hexactinellida	Hexactinellida	Euretidae	Eurete	Eurete sp. 1	Eurete sp. 1	NO	NO	NZ-028	WB-00095
NZ-029	NZ-029	Sponge	01.02.17	Day03	10ROV03	Abyssal Plain between Three Kings Ridge and Coleville Ridge	na	na	-30.9908218	177.5001373	4160	na	OK	Hexactinellida	Hexactinellida	Euplectellidae	Saccocalyx	Saccocalyx n. sp.	Saccocalyx n. sp.	YES	YES	NZ-029	WB-00096
NZ-026_1	NZ-026	Sponge	01.02.17	Day03	10ROV03	Abyssal Plain between Three Kings Ridge and Coleville Ridge	na	na	-30.9907703	177.499588	4161	na	OK	Hexactinellida	Hexactinellida	Euplectellidae	Saccocalyx	Saccocalyx sp.	Saccocalyx sp.	NO	NO	NZ-026_1	WB-00105
NZ-026_2	NZ-026	Sponge	01.02.17	Day03	10ROV03	Abyssal Plain between Three Kings Ridge and Coleville Ridge	na	na	-30.9907703	177.499588	4161	na	OK	Hexactinellida	Hexactinellida	Euplectellidae	Saccocalyx	Saccocalyx sp.	Saccocalyx sp.	NO	NO	NZ-026_1	WB-00204
Sed_ROV03_1	Sed_ROV03	Sediment	01.02.17	Day03	10ROV03	Abyssal Plain between Three Kings Ridge and Coleville Ridge	na	na	-30.9908104	177.4995728	4162	na	na	Sediment	Sediment	Sediment	Sediment	Sediment	Sediment_03	YES	YES	na	na
Sed_ROV03_2	Sed_ROV03b	Sediment	01.02.17	Day03	10ROV03	Abyssal Plain between Three Kings Ridge and Coleville Ridge	na	na	-30.9908104	177.4995728	4161	na	na	Sediment	Sediment	Sediment	Sediment	Sediment	Sediment_03	YES	YES	na	na
Sed_ROV03_3	Sed_ROV03c	Sediment	01.02.17	Day03	10ROV03	Abyssal Plain between Three Kings Ridge and Coleville Ridge	na	na	-30.9908104	177.4995728	4162	na	na	Sediment	Sediment	Sediment	Sediment	Sediment	Sediment_03	YES	YES	na	na
NZ-037	NZ-037	Sponge	01.02.17	Day03	10ROV03	Abyssal Plain between Three Kings Ridge and Coleville Ridge	na	na	-30.9908218	177.5001373	4160	na	UNKNOWN	unknown sponge	unknown sponge	unknown sponge	unknown sponge	unknown sponge	unknown sponge	NO	NO	NZ-037	WB-00103
NZ-038	NZ-038	Sponge	01.02.17	Day03	10ROV03	Abyssal Plain between Three Kings Ridge and Coleville Ridge	na	na	-30.9908161	177.4999847	4161	na	UNKNOWN	unknown sponge	unknown sponge	unknown sponge	unknown sponge	unknown sponge	unknown sponge	NO	NO	NZ-038	WB-00104
NZ-043	NZ-043	Sponge	02.02.17	Day04	14ROV04	Coleville Volcano, Coleville Ridge	na	na	-30.0889091	179.8178864	532	na	OK	Demospongiae	Demospongiae	Stelligeridae	Stelligera	cf. Stelligera sp. 1	cf. Stelligera sp. 1	YES	YES	NZ-043	WB-00109
NZ-045	NZ-045	Sponge	02.02.17	Day04	14ROV04	Coleville Volcano, Coleville Ridge	na	na	-30.0866928	179.8155365	491	na	OK	Demospongiae	Demospongiae	Stelligeridae	Stelligera	cf. Stelligera sp. 1	cf. Stelligera sp. 1	YES	YES	NZ-045	WB-00111
NZ-047	NZ-047	Sponge	02.02.17	Day04	14ROV04	Coleville Volcano, Coleville Ridge	na	na	-30.0889091	179.8178864	532	na	OK	Demospongiae	Demospongiae	Stelligeridae	Stelligera	cf. Stelligera sp. 1	cf. Stelligera sp. 1	YES	YES	NZ-047	WB-00113
NZ-048	NZ-048	Sponge	02.02.17	Day04	14ROV04	Coleville Volcano, Coleville Ridge	na	na	-30.0884705	179.8173828	532	na	OK	Demospongiae	Demospongiae	Stelligeridae	Stelligera	cf. Stelligera sp. 1	cf. Stelligera sp. 1	YES	YES	NZ-048	WB-00114
NZ-049	NZ-049	Sponge	02.02.17	Day04	14ROV04	Coleville Volcano, Coleville Ridge	na	na	-30.0884705	179.8173828	532	na	OK	Demospongiae	Demospongiae	Stelligeridae	Stelligera	cf. Stelligera sp. 1	cf. Stelligera sp. 1	YES	YES	NZ-049	WB-00115
NZ-050	NZ-050	Sponge	02.02.17	Day04	14ROV04	Coleville Volcano, Coleville Ridge	na	na	-30.0860462	179.8147278	472	na	OK	Demospongiae	Demospongiae	Stelligeridae	Stelligera	cf. Stelligera sp. 1	cf. Stelligera sp. 1	YES	YES	NZ-050	WB-00116
NZ-046	NZ-046	Sponge	02.02.17	Day04	14ROV04	Coleville Volcano, Coleville Ridge	na	na	-30.0859623	179.8146515	472	na	BAD	Demospongiae	Demospongiae	Stelligeridae	unknown 13	cross CONT?	cross CONT?	NO	NO	NZ-046	WB-00112
NZ-040	NZ-040	Sponge	02.02.17	Day04	14ROV04	Coleville Volcano, Coleville Ridge	na	na	-30.0869389	179.8156891	495	na	OK	Demospongiae	Demospongiae	unknown 19	unknown 19	Lithistid sp. 1	Lithistid sp. 1	YES	YES	NZ-040	WB-00106
NZ-041	NZ-041	Sponge	02.02.17	Day04	14ROV04	Coleville Volcano, Coleville Ridge	na	na	-30.087141	179.815979	497	na	OK	Demospongiae	Demospongiae	unknown 19	unknown 19	Lithistid sp. 1	Lithistid sp. 1	YES	YES	NZ-041	WB-00107
NZ-042	NZ-042	Sponge	02.02.17	Day04	14ROV04	Coleville Volcano, Coleville Ridge	na	na	-30.0858517	179.8145294	472	na	OK	Demospongiae	Demospongiae	unknown 19	unknown 19	Lithistid sp. 1	Lithistid sp. 1	YES	YES	NZ-042	WB-00108
NZ-051	NZ-051	Sponge	02.02.17	Day04	14ROV04	Coleville Volcano, Coleville Ridge	na	na	-30.0868034	179.8156891	494	na	BAD	unknown sponge	unknown sponge	unknown sponge	unknown sponge	no sequence	no sequence	NO	NO	NZ-051	WB-00205
SO254_14_1	SO254_14	Seawater	02.02.17	Day04	14ROV04	Coleville Volcano, Coleville Ridge	na	na	-30.0871372	179.815979	496	na	na	Seawater	Seawater	Seawater	Seawater	Seawater	Seawater_14	YES	YES	na	na
SO254_14_2	SO254_14	Seawater	02.02.17	Day04	14ROV04	Coleville Volcano, Coleville Ridge	na	na	-30.0871372	179.815979	496	na	na	Seawater	Seawater	Seawater	Seawater	Seawater	Seawater_14	YES	YES	na	na
SO254_14_3	SO254_14	Seawater	02.02.17	Day04	14ROV04	Coleville Volcano, Coleville Ridge	na	na	-30.0871372	179.815979	496	na	na	Seawater	Seawater	Seawater	Seawater	Seawater	Seawater_14	YES	YES	na	na
NZ-052	NZ-052	Sponge	02.02.17	Day04	14ROV04	Coleville Volcano, Coleville Ridge	na	na	-30.0884705	179.8173828	532	na	UNKNOWN	unknown sponge	unknown sponge	unknown sponge	unknown sponge	unknown sponge	unknown sponge	NO	NO	NZ-052	WB-00206
NZ-064	NZ-064	Sponge	03.02.17	Day05	18ROV05	Denham Bay, Raoul Island	na	na	-29.2917919	-178.0260925	372	na	OK	Demospongiae	Demospongiae	Petrosiidae	Neopetrosia	cf. Neopetrosia sp. 1	cf. Neopetrosia sp. 1	YES	YES	NZ-064	WB-00210
NZ-059	NZ-059	Sponge	03.02.17	Day05	18ROV05	Denham Bay, Raoul Island	na	na	-29.28333333	-177.9	6	na	OK	Demospongiae	Demospongiae	Aplysinellidae	Porphyria	cf. Porphyria	cf. Porphyria	NO	NO	NZ-059	WB-00208
NZ-062	NZ-062	Sponge	03.02.17	Day05	18ROV05	Denham Bay, Raoul Island	na	na	-29.2902565	-178.0219727	336	na	OK	Demospongiae	Demospongiae	unknown sponge	unknown sponge	Demospongiae	Demospongiae	NO	NO	NZ-062	WB-00117
NZ-073	NZ-073	Sponge	03.02.17	Day05	18ROV05	Denham Bay, Raoul Island	na	na	-29.28333333	-177.9	6	na	OK	Demospongiae	Demospongiae	Geodiidae	Geodia	Geodia sp. / Geodia sp. 1	Geodia sp. / Geodia sp. 1	NO	NO	NZ-073	WB-00211
SO254_18_1	SO254_18	Seawater	03.02.17	Day05	18ROV05	Denham Bay, Raoul Island	na	na	-29.2877445	-178.0138702	269	na	na	Seawater	Seawater	Seawater	Seawater	Seawater	Seawater_18	YES	YES	na	na
SO254_18_2	SO254_18	Seawater	03.02.17	Day05	18ROV05	Denham Bay, Raoul Island	na	na	-29.2877445	-178.0138702	269	na	na	Seawater	Seawater	Seawater	Seawater	Seawater	Seawater_18	YES	YES	na	na
SO254_18_3	SO254_18	Seawater	03.02.17	Day05	18ROV05	Denham Bay, Raoul Island	na	na	-29.2877445	-178.0138702	269	na	na	Seawater	Seawater	Seawater	Seawater	Seawater	Seawater_18	YES	YES	na	na
NZ-058	NZ-058	Sponge	03.02.17	Day05	18ROV05	Denham Bay, Raoul Island	na	na	-29.28333333	-177.9	6	na	OK	Demospongiae	Demospongiae	Tedaniidae	Tedania	Tedania / Tedania sp. 3	Tedania / Tedania sp. 3	YES	YES	NZ-058	WB-00207
NZ-061	NZ-061	Sponge	03.02.17	Day05	18ROV05	Denham Bay, Raoul Island	na	na	-29.2862568	-178.0097198	101	na	OK	Demospongiae	Demospongiae	Tethyidae	Tethya	Tethya / unknown 5	Tethya / unknown 5	NO	NO	NZ-061	WB-00209
NZ-065	NZ-065	Sponge	03.02.17	Day05	18ROV05	Denham Bay, Raoul Island	na	na	-29.2901611	-178.0217133	329	na	UNKNOWN	unknown sponge	unknown sponge	unknown sponge	unknown sponge	unknown sponge	unknown sponge	NO	NO	NZ-065	WB-00118
NZ-84	NZ-084	Sponge	04.02.17	Day06	22ROV06	Kermadec trench/slope	na	na	-29.2660122	-176.7024536	4816	na	OK	Hexactinellida	Hexactinellida	Rossellidae	Caulophacus	Caulophacus (Caulophacus) discohexactinus	Caulophacus (Caulophacus) discohexactinus	NO	NO	NZ-084	WB-00120
NZ-85	NZ-085	Sponge	04.02.17	Day06	22ROV06	Kermadec trench/slope	na	na	-29.2661667	-176.7022247	4819	na	OK	Hexactinellida	Hexactinellida	Rossellidae	Caulophacus	Caulophacus arcticus	Caulophacus arcticus	NO	NO	NZ-085	WB-00121
NZ-083	NZ-083	Sponge	04.02.17	Day06	22ROV06	Kermadec trench/slope	na	na	-29.2666988	-176.7007446	4833	na	OK	Hexactinellida	Hexactinellida	Aulocalycidae	Rhabdodictyum	Rhabdodictyum n. sp.	Rhabdodictyum n. sp.	NO	NO	NZ-083	WB-00119
Sed_ROV06_1	Sed_ROV06b	Sediment	04.02.17	Day06	22ROV06	Kermadec trench/slope	na	na	-29.2666302	-176.7017059	4780	na	na	Sediment	Sediment	Sediment	Sediment	Sediment	Sediment_06	YES	YES	na	na
Sed_ROV06_2	Sed_ROV06c	Sediment	04.02.17	Day06	22ROV06	Kermadec trench/slope	na	na	-29.2666302	-176.7017059	4780	na	na	Sediment	Sediment	Sediment	Sediment	Sediment	Sediment_06	YES	YES	na	na
Sed_ROV06_3	Sed_ROV06d	Sediment	04.02.17	Day06	22ROV06	Kermadec trench/slope	na	na	-29.2666302	-176.7017059	4780	na	na	Sediment	Sediment	Sediment	Sediment	Sediment	Sediment_06	YES	YES	na	na
NZ-139	NZ-139	Sponge	07.02.17	Day07	33ROV08	Southern Kermadec Ridge	na	na	-35.3824654	178.9799347	1185	na	BAD	unknown sponge	unknown sponge	unknown sponge	unknown sponge	BAD poecilastra	BAD poecilastra	NO	NO	NZ-139	WB-00228
NZ-121	NZ-121	Sponge	07.02.17	Day07	33ROV08	Southern Kermadec Ridge	na	na	-35.3825073	178.980117	1180	na	OK	Hexactinellida	Hexactinellida	Euplectellidae	Bolosoma	Bolosoma sp.	Bolosoma sp.	NO	NO	NZ-121	WB-00124
NZ-125	NZ-125	Sponge	07.02.17	Day07	33ROV08	Southern Kermadec Ridge	na	na	-35.3823509	178.979324	1211	na	OK	Hexactinellida	Hexactinellida	Euplectellidae	Bolosominae	Bolosominae n. gen. 3 sp. 1	Bolosominae n. gen. 3 sp. 1	NO	NO	NZ-125	WB-00128
NZ-117	NZ-117	Sponge	07.02.17	Day07	33ROV08	Southern Kermadec Ridge	na	na	-35.3806648	178.980239	1172	na	OK	Demospongiae	Demospongiae	Ancorinidae	Ancorina	cf. Ancorina sp. 1	cf. Ancorina sp. 1	YES	NO	NZ-117	WB-00220
NZ-140	NZ-140	Sponge	07.02.17	Day07	33ROV08	Southern Kermadec Ridge	na	na	-35.382328	178.979782	1202	na	OK	Demospongiae	Demospongiae	Ancorinidae	Ancorina	cf. Ancorina sp. 1	cf. Ancorina sp. 1	YES	NO	NZ-140	WB-00229
NZ-110	NZ-110	Sponge	07.02.17	Day07	33ROV08	Southern Kermadec Ridge	na	na	-35.3806648	178.980239	1172	na	OK	Demospongiae	Demospongiae	Geodiidae	Penares	cf. Penares sp. 1	cf. Penares sp. 1	YES	YES	NZ-110	WB-00213
NZ-111	NZ-111	Sponge	07.02.17	Day07	33ROV08	Southern Kermadec Ridge	na	na	-35.3823738	178.979904	1191	na	OK	Demospongiae	Demospongiae	Geodiidae	Penares	cf. Penares sp. 1	cf. Penares sp. 1	YES	YES	NZ-111	WB-00214
NZ-112	NZ-112	Sponge	07.02.17	Day07	33ROV08	Southern Kermadec Ridge	na	na	-35.3823738	178.979904	1191	na	OK	Demospongiae	Demospongiae	Geodiidae	Penares	cf. Penares sp. 1	cf. Penares sp. 1	YES	YES	NZ-112	WB-00215
NZ-113	NZ-113	Sponge	07.02.17	Day07	33ROV08	Southern Kermadec Ridge	na	na	-35.3823738	178.979904	1191	na	OK	Demospongiae	Demospongiae	Geodiidae	Penares	cf. Penares sp. 1	cf. Penares sp. 1	YES	YES	NZ-113	WB-00216
NZ-114	NZ-114	Sponge	07.02.17	Day07	33ROV08	Southern Kermadec Ridge	na	na	-35.3824081	178.979919	1187	na	OK	Demospongiae	Demospongiae	Geodiidae	Penares	cf. Penares sp. 1	cf. Penares sp. 1	YES	YES	NZ-114	WB-00217
NZ-115	NZ-115	Sponge	07.02.17	Day07	33ROV08	Southern Kermadec Ridge	na	na	-35.3823738	178.979904	1191	na	OK	Demospongiae	Demospongiae	Geodiidae	Penares	cf. Penares sp. 1	cf. Penares sp. 1	YES	YES	NZ-115	WB-00218
NZ-116	NZ-116	Sponge	07.02.17	Day07	33ROV08	Southern Kermadec Ridge	na	na	-35.3823738	178.979904	1191	na	OK	Demospongiae	Demospongiae	Geodiidae	Penares	cf. Penares sp. 1	cf. Penares sp. 1	YES	YES	NZ-116	WB-00219
NZ-109	NZ-109	Sponge	07.02.17	Day07	33ROV08	Southern Kermadec Ridge	na	na	-35.3805656	178.977706	1177	na	OK	Demospongiae	Demospongiae	Vulcanellidae	Poecillastra	cf. Poecillastra sp. 1	cf. Poecillastra sp. 1	NO	NO	NZ-109	WB-00212
NZ-126	NZ-126	Sponge	07.02.17	Day07	33ROV08	Southern Kermadec Ridge	na	na	-35.38237	178.979522	1205	na	BAD	unknown sponge	unknown sponge	unknown sponge	unknown sponge	CONT	CONT	NO	NO	NZ-126	WB-00223
NZ-127	NZ-127	Sponge	07.02.17	Day07	33ROV08	Southern Kermadec Ridge	na	na	-35.3823776	178.979919	1188	na	BAD	unknown sponge	unknown sponge	unknown sponge	unknown sponge	CONT	CONT	NO	NO	NZ-127	WB-00224
NZ-124	NZ-124	Sponge	07.02.17	Day07	33ROV08	Southern Kermadec Ridge	na	na	-35.3803673	178.9798737	1196	na	OK	Hexactinellida	Hexactinellida	Euplectellidae	Dictyaulus	Dictyaulus n. sp.	Dictyaulus n. sp.	NO	NO	NZ-124	WB-00127
NZ-132	NZ-132	Sponge	07.02.17	Day07	33ROV08	Southern Kermadec Ridge	na	na	-35.3805656	178.977706	1177	na	OK	Demospongiae	Demospongiae	Ancorinidae	Geodia/Stelletta / unknown 16	Geodia/Stelletta / unknown 16	Geodia/Stelletta / unknown 16	NO	NO	NZ-132	WB-00226
NZ-131	NZ-131	Sponge	07.02.17	Day07	33ROV08	Southern Kermadec Ridge	na	na	-35.3794937	178.976562	1297	na	OK	Demospongiae	Demospongiae	Latrunculiidae	Latrunculia	Latrunculid1	Latrunculid1	YES	YES	NZ-131	WB-00225
NZ-135	NZ-135	Sponge	07.02.17	Day07	33ROV08	Southern Kermadec Ridge	na	na	-35.3806992	178.9802856	1169	na	OK	Hexactinellida	Hexactinellida	Pheronematidae	Pheronema	Pheronema sp.	Pheronema sp.	YES	NO	NZ-135	WB-00133
NZ-138	NZ-138	Sponge	07.02.17	Day07	33ROV08	Southern Kermadec Ridge	na	na	-35.3806992	178.9802856	1169	na	OK	Hexactinellida	Hexactinellida	Pheronematidae	Pheronema	Pheronema sp.	Pheronema sp.	YES	NO	NZ-138	WB-00136
NZ-120	NZ-120	Sponge	07.02.17	Day07	33ROV08	Southern Kermadec Ridge	na	na	-35.3825073	178.980117	1180	na	OK	Demospongiae	Demospongiae	Pleromidae	Pleroma	Pleroma menoui	Pleroma menoui	YES	NO	NZ-120	WB-00123
NZ-122	NZ-122	Sponge	07.02.17	Day07	33ROV08	Southern Kermadec Ridge	na	na	-35.38237	178.979522	1205	na	OK	Hexactinellida	Hexactinellida	Euplectellidae	Regadrella	Regadrella sp. 2	Regadrella sp. 2	YES	YES	NZ-122	WB-00125
NZ-123	NZ-123	Sponge	07.02.17	Day07	33ROV08	Southern Kermadec Ridge	na	na	-35.3804474	178.980011	1184	na	OK	Hexactinellida	Hexactinellida	Euplectellidae	Regadrella	Regadrella sp. 2	Regadrella sp. 2	YES	YES	NZ-123	WB-00126
SO254_33_1	SO254_33	Seawater	07.02.17	Day07	33ROV08	Southern Kermadec Ridge	na	na	-35.3823204	178.9793396	1217	na	na	Seawater	Seawater	Seawater	Seawater	Seawater	Seawater_33	YES	YES	na	na
SO254_33_2	SO254_33	Seawater	07.02.17	Day07	33ROV08	Southern Kermadec Ridge	na	na	-35.3823204	178.9793396	1217	na	na	Seawater	Seawater	Seawater	Seawater	Seawater	Seawater_33	YES	YES	na	na
SO254_33_3	SO254_33	Seawater	07.02.17	Day07	33ROV08	Southern Kermadec Ridge	na	na	-35.3823204	178.9793396	1217	na	na	Seawater	Seawater	Seawater	Seawater	Seawater	Seawater_33	YES	YES	na	na
NZ-134	NZ-134	Sponge	07.02.17	Day07	33ROV08	Southern Kermadec Ridge	na	na	-35.3793144	178.976318	1312	na	OK	Demospongiae	Demospongiae	unknown 20	unknown 20	unknown 20	unknown 20	NO	NO	NZ-134	WB-00227
NZ-128	NZ-128	Sponge	07.02.17	Day07	33ROV08	Southern Kermadec Ridge	na	na	-35.3782501	178.97499	1381	na	UNKNOWN	unknown sponge	unknown sponge	unknown sponge	unknown sponge	unknown sponge	unknown sponge	NO	NO	NZ-128	WB-00129
NZ-129	NZ-129	Sponge	07.02.17	Day07	33ROV08	Southern Kermadec Ridge	na	na	-35.3782501	178.97499	1381	na	UNKNOWN	unknown sponge	unknown sponge	unknown sponge	unknown sponge	unknown sponge	unknown sponge	NO	NO	NZ-129	WB-00130
NZ-130	NZ-130	Sponge	07.02.17	Day07	33ROV08	Southern Kermadec Ridge	na	na	-35.3782501	178.97499	1381	na	UNKNOWN	unknown sponge	unknown sponge	unknown sponge	unknown sponge	unknown sponge	unknown sponge	NO	NO	NZ-130	WB-00131
NZ-133	NZ-133	Sponge	07.02.17	Day07	33ROV08	Southern Kermadec Ridge	na	na	-35.3807487	178.974594	1369	na	UNKNOWN	unknown sponge	unknown sponge	unknown sponge	unknown sponge	unknown sponge	unknown sponge	NO	NO	NZ-133	WB-00132
NZ-136	NZ-136	Sponge	07.02.17	Day07	33ROV08	Southern Kermadec Ridge	na	na	-35.3805656	178.977706	1177	na	UNKNOWN	unknown sponge	unknown sponge	unknown sponge	unknown sponge	unknown sponge	unknown sponge	NO	NO	NZ-136	WB-00134
NZ-137	NZ-137	Sponge	07.02.17	Day07	33ROV08	Southern Kermadec Ridge	na	na	-35.3825073	178.980117	1180	na	UNKNOWN	unknown sponge	unknown sponge	unknown sponge	unknown sponge	unknown sponge	unknown sponge	NO	NO	NZ-137	WB-00135
NZ-153	NZ-153	Sponge	08.02.17	Day08	34ROV09	Between Kermadec Ridge and Seamount 986	na	na	-37.5018692	178.7711945	536	na	OK	Demospongiae	Demospongiae	Cladorhizidae	Asbestopluma	Asbestopluma / Asbestopluma sp. 1	Asbestopluma / Asbestopluma sp. 1	NO	NO	NZ-153	WB-00137
SO254_34_1	SO254_34	Seawater	08.02.17	Day08	34ROV09	Between Kermadec Ridge and Seamount 986	na	na	-37.5018692	178.7711945	547	na	na	Seawater	Seawater	Seawater	Seawater	Seawater	Seawater_34	YES	YES	na	na
SO254_34_2	SO254_34	Seawater	08.02.17	Day08	34ROV09	Between Kermadec Ridge and Seamount 986	na	na	-37.5018692	178.7711945	547	na	na	Seawater	Seawater	Seawater	Seawater	Seawater	Seawater_34	YES	YES	na	na
SO254_34_3	SO254_34	Seawater	08.02.17	Day08	34ROV09	Between Kermadec Ridge and Seamount 986	na	na	-37.5018692	178.7711945	547	na	na	Seawater	Seawater	Seawater	Seawater	Seawater	Seawater_34	YES	YES	na	na
NZ-170	NZ-170	Sponge	09.02.17	Day09	36ROV10	Seamount 986	na	na	-39.9896202	178.214263	793	na	OK	Hexactinellida	Hexactinellida	Aphrocallistidae 	Aphrocallistes	Aphrocallistes beatrix	Aphrocallistes beatrix	YES	YES	NZ-170	WB-00149
NZ-176	NZ-176	Sponge	09.02.17	Day09	36ROV10	Seamount 986	na	na	-39.9883537	178.214706	774	na	OK	Hexactinellida	Hexactinellida	Aulocalycidae	Aulocalyx	Aulocalyx n. sp	Aulocalyx n. sp	YES	YES	NZ-176	WB-00150
NZ-159	NZ-159	Sponge	09.02.17	Day09	36ROV10	Seamount 986	na	na	-39.9895172	178.213806	783	na	OK	Hexactinellida	Hexactinellida	Rossellidae	Bathydorus	Bathydorus sp. 1	Bathydorus sp. 1	YES	YES	NZ-159	WB-00139
NZ-160	NZ-160	Sponge	09.02.17	Day09	36ROV10	Seamount 986	na	na	-39.9892387	178.213668	767	na	OK	Hexactinellida	Hexactinellida	Rossellidae	Bathydorus	Bathydorus sp. 1	Bathydorus sp. 1	YES	YES	NZ-160	WB-00140
NZ-161	NZ-161	Sponge	09.02.17	Day09	36ROV10	Seamount 986	na	na	-39.9891777	178.213455	759	na	OK	Hexactinellida	Hexactinellida	Rossellidae	Bathydorus	Bathydorus sp. 1	Bathydorus sp. 1	YES	YES	NZ-161	WB-00141
NZ-157_1	NZ-157	Sponge	09.02.17	Day09	36ROV10	Seamount 986	na	na	-39.9883499	178.214675	774	na	OK	Demospongiae	Demospongiae	Microcionidae 	Clathria	Clathria sp.1 / unknown 8	Clathria sp.1 / unknown 8	YES	NO	NZ-157_1	WB-00231
NZ-157_2	NZ-157	Sponge	09.02.17	Day09	36ROV10	Seamount 986	na	na	-39.9883499	178.214675	774	na	OK	Demospongiae	Demospongiae	Microcionidae 	Clathria	Clathria sp.1 / unknown 8	Clathria sp.1 / unknown 8	YES	NO	NZ-157_2	WB-00287
NZ-167	NZ-167	Sponge	09.02.17	Day09	36ROV10	Seamount 986	na	na	-39.9891777	178.213455	759	na	OK	Demospongiae	Demospongiae	Corallistidae	Herengeria	Herengeria sp.	Herengeria sp.	NO	NO	NZ-167	WB-00232
NZ-169	NZ-169	Sponge	09.02.17	Day09	36ROV10	Seamount 986	na	na	-39.9900322	178.214584	802	na	OK	Hexactinellida	Hexactinellida	Rossellidae	Lanuginellinae	Lanuginellinae indet.	Lanuginellinae indet.	YES	YES	NZ-169	WB-00148
NZ-158	NZ-158	Sponge	09.02.17	Day09	36ROV10	Seamount 986	na	na	-39.9909363	178.215499	792	na	OK	Hexactinellida	Hexactinellida	Leucopsacidae	Leucopsacus	Leucopsacus distantus	Leucopsacus distantus	YES	YES	NZ-158	WB-00138
NZ-162	NZ-162	Sponge	09.02.17	Day09	36ROV10	Seamount 986	na	na	-39.9896202	178.214263	793	na	OK	Hexactinellida	Hexactinellida	Euplectellidae	Regadrella	Regadrella n. sp. 1	Regadrella n. sp. 1	YES	YES	NZ-162	WB-00142
NZ-163	NZ-163	Sponge	09.02.17	Day09	36ROV10	Seamount 986	na	na	-39.9895172	178.213806	783	na	OK	Hexactinellida	Hexactinellida	Euplectellidae	Regadrella	Regadrella n. sp. 1	Regadrella n. sp. 1	YES	YES	NZ-163	WB-00143
NZ-164	NZ-164	Sponge	09.02.17	Day09	36ROV10	Seamount 986	na	na	-39.9882622	178.21466	770	na	OK	Hexactinellida	Hexactinellida	Euplectellidae	Regadrella	Regadrella n. sp. 1	Regadrella n. sp. 1	YES	YES	NZ-164	WB-00144
NZ-165	NZ-165	Sponge	09.02.17	Day09	36ROV10	Seamount 986	na	na	-39.9909363	178.215499	792	na	OK	Hexactinellida	Hexactinellida	Euplectellidae	Regadrella	Regadrella n. sp. 1	Regadrella n. sp. 1	YES	YES	NZ-165	WB-00145
NZ-168	NZ-168	Sponge	09.02.17	Day09	36ROV10	Seamount 986	na	na	-39.9900322	178.214584	802	na	OK	Hexactinellida	Hexactinellida	Euplectellidae	Regadrella	Regadrella n. sp. 1	Regadrella n. sp. 1	YES	YES	NZ-168	WB-00147
NZ-166	NZ-166	Sponge	09.02.17	Day09	36ROV10	Seamount 986	na	na	-39.9883652	178.214706	774	na	OK	Hexactinellida	Hexactinellida	Euplectellidae	Regadrella	Regadrella okinoseana	Regadrella okinoseana	YES	YES	NZ-166	WB-00146
SO254_36_Kreiselpumpe_1	SO254_36 Kreiselpumpe	Seawater	09.02.17	Day09	36ROV10	Surface water near Seamount 986	na	na	-39.9891	178.2149	1	na	na	Seawater	Seawater	Seawater	Seawater	Seawater	Seawater_36_1	YES	YES	na	na
SO254_36_Kreiselpumpe_2	SO254_36 Kreiselpumpe	Seawater	09.02.17	Day09	36ROV10	Surface water near Seamount 986	na	na	-39.9891	178.2149	1	na	na	Seawater	Seawater	Seawater	Seawater	Seawater	Seawater_36_1	YES	YES	na	na
SO254_36_Kreiselpumpe_3	SO254_36 Kreiselpumpe	Seawater	09.02.17	Day09	36ROV10	Surface water near Seamount 986	na	na	-39.9891	178.2149	1	na	na	Seawater	Seawater	Seawater	Seawater	Seawater	Seawater_36_1	YES	YES	na	na
SO254_36_1	SO254_36 ROV10	Seawater	09.02.17	Day09	36ROV11	Seamount 986	na	na	-39.9896317	178.2148279	791	na	na	Seawater	Seawater	Seawater	Seawater	Seawater	Seawater_36_2	YES	YES	na	na
SO254_36_2	SO254_36 ROV10	Seawater	09.02.17	Day09	36ROV11	Seamount 986	na	na	-39.9896317	178.2148279	791	na	na	Seawater	Seawater	Seawater	Seawater	Seawater	Seawater_36_2	YES	YES	na	na
SO254_36_3	SO254_36 ROV10	Seawater	09.02.17	Day09	36ROV11	Seamount 986	na	na	-39.9896317	178.2148279	791	na	na	Seawater	Seawater	Seawater	Seawater	Seawater	Seawater_36_2	YES	YES	na	na
NZ-188	NZ-188	Sponge	17.02.17	Day10	69ROV12	Northeastern Campbell Plateau E of Pukaki Rise	na	na	-49.0980225	173.868866	540	na	OK	Demospongiae	Demospongiae	Coelosphaeridae	Lissodendoryx	cf. Lissodendoryx	cf. Lissodendoryx	YES	NO	NZ-188	WB-00234
SED_ROV12_1	SED_ROV12_1	Sediment	17.02.17	Day10	69ROV12	Northeastern Campbell Plateau E of Pukaki Rise	na	na	-49.0980225	173.868866	540	na	na	Sediment	Sediment	Sediment	Sediment	Sediment	Sediment_12	YES	YES	na	na
SED_ROV12_2	SED_ROV12_2	Sediment	17.02.17	Day10	69ROV12	Northeastern Campbell Plateau E of Pukaki Rise	na	na	-49.0980225	173.868866	540	na	na	Sediment	Sediment	Sediment	Sediment	Sediment	Sediment_12	YES	YES	na	na
SED_ROV12_3	SED_ROV12_3	Sediment	17.02.17	Day10	69ROV12	Northeastern Campbell Plateau E of Pukaki Rise	na	na	-49.0980225	173.868866	540	na	na	Sediment	Sediment	Sediment	Sediment	Sediment	Sediment_12	YES	YES	na	na
NZ-201	NZ-201	Sponge	19.02.17	Day11	76ROV13	Otago/Canterbury Slope	na	na	-45.0263939	171.9035187	672	na	BAD	unknown sponge	unknown sponge	unknown sponge	unknown sponge	BAD Forcepia	BAD Forcepia	NO	NO	NZ-201	WB-00236
NZ-210	NZ-210	Sponge	19.02.17	Day11	76ROV13	Otago/Canterbury Slope	na	na	-45.0265312	171.9035492	678	na	BAD	unknown sponge	unknown sponge	unknown sponge	unknown sponge	BAD Forcepia	BAD Forcepia	NO	NO	NZ-210	WB-00245
NZ-220	NZ-220	Sponge	19.02.17	Day11	76ROV13	Otago/Canterbury Slope	na	na	-45.0243111	171.9042511	595	na	BAD	unknown sponge	unknown sponge	unknown sponge	unknown sponge	BAD Latrunculid	BAD Latrunculid	NO	NO	NZ-220	WB-00151
NZ-219	NZ-219	Sponge	19.02.17	Day11	76ROV13	Otago/Canterbury Slope	na	na	-45.0260429	171.903595	656	na	OK	Demospongiae	Demospongiae	Biemnidae	Biemna	Biemna sp. 1	Biemna sp. 1	YES	NO	NZ-219	WB-00254
NZ-231	NZ-231	Sponge	19.02.17	Day11	76ROV13	Otago/Canterbury Slope	na	na	-45.0247574	171.9030151	642	na	OK	Demospongiae	Demospongiae	Biemnidae	Biemna	Biemna sp. 1	Biemna sp. 1	YES	NO	NZ-231	WB-00264
NZ-209	NZ-209	Sponge	19.02.17	Day11	76ROV13	Otago/Canterbury Slope	na	na	-45.026123	171.9034119	662	na	OK	Demospongiae	Demospongiae	Chalinidae	Haliclona	cf. Haliclona/Callyspongia sp. 1	cf. Haliclona/Callyspongia sp. 1	YES	YES	NZ-209	WB-00244
NZ-216	NZ-216	Sponge	19.02.17	Day11	76ROV13	Otago/Canterbury Slope	na	na	-45.026123	171.9034119	662	na	OK	Demospongiae	Demospongiae	Chalinidae	Haliclona	cf. Haliclona/Callyspongia sp. 1	cf. Haliclona/Callyspongia sp. 1	YES	YES	NZ-216	WB-00251
NZ-225	NZ-225	Sponge	19.02.17	Day11	76ROV13	Otago/Canterbury Slope	na	na	-45.0241928	171.9050903	602	na	OK	Demospongiae	Demospongiae	Chalinidae	Haliclona	cf. Haliclona/Callyspongia sp. 1	cf. Haliclona/Callyspongia sp. 1	YES	YES	NZ-225	WB-00258
NZ-217	NZ-217	Sponge	19.02.17	Day11	76ROV13	Otago/Canterbury Slope	na	na	-45.026123	171.9034119	662	na	OK	Demospongiae	Demospongiae	unknown 22	unknown 22	cf. Haliclona/Callyspongia sp. 2	cf. Haliclona/Callyspongia sp. 2	YES	YES	NZ-217	WB-00252
NZ-222	NZ-222	Sponge	19.02.17	Day11	76ROV13	Otago/Canterbury Slope	na	na	-45.0238457	171.9057159	600	na	OK	Demospongiae	Demospongiae	unknown 22	unknown 22	cf. Haliclona/Callyspongia sp. 2	cf. Haliclona/Callyspongia sp. 2	YES	YES	NZ-222	WB-00255
NZ-228	NZ-228	Sponge	19.02.17	Day11	76ROV13	Otago/Canterbury Slope	na	na	-45.0238457	171.9057159	600	na	OK	Demospongiae	Demospongiae	unknown 22	unknown 22	cf. Haliclona/Callyspongia sp. 2	cf. Haliclona/Callyspongia sp. 2	YES	YES	NZ-228	WB-00261
NZ-207	NZ-207	Sponge	19.02.17	Day11	76ROV13	Otago/Canterbury Slope	na	na	-45.0252686	171.9042053	630	na	OK	Demospongiae	Demospongiae	Petrosiidae	Neopetrosia	cf. Neopetrosia sp. 1	cf. Neopetrosia sp. 1	YES	YES	NZ-207	WB-00242
NZ-208	NZ-208	Sponge	19.02.17	Day11	76ROV13	Otago/Canterbury Slope	na	na	-45.0261536	171.9033813	665	na	OK	Demospongiae	Demospongiae	Petrosiidae	Neopetrosia	cf. Neopetrosia sp. 1	cf. Neopetrosia sp. 1	YES	YES	NZ-208	WB-00243
NZ-204	NZ-204	Sponge	19.02.17	Day11	76ROV13	Otago/Canterbury Slope	na	na	-45.0246925	171.9044342	610	na	OK	Demospongiae	Demospongiae	Vulcanellidae	Vulcanella	cf. Vulcanella	cf. Vulcanella	NO	NO	NZ-204	WB-00239
NZ-211	NZ-211	Sponge	19.02.17	Day11	76ROV13	Otago/Canterbury Slope	na	na	-45.0259895	171.9035645	655	na	OK	Demospongiae	Demospongiae	Microcionidae 	Clathria	Clathria sp. 2 / unknown 8	Clathria sp. 2 / unknown 8	NO	NO	NZ-211	WB-00246
NZ-214	NZ-214	Sponge	19.02.17	Day11	76ROV13	Otago/Canterbury Slope	na	na	-45.0236855	171.905777	596	na	BAD	unknown sponge	unknown sponge	unknown sponge	unknown sponge	CONT	CONT	NO	NO	NZ-214	WB-00249
NZ-229	NZ-229	Sponge	19.02.17	Day11	76ROV13	Otago/Canterbury Slope	na	na	-45.026123	171.9034119	662	na	OK	Demospongiae	Demospongiae	Geodiidae	Geodia	Geodia sp. / Geodia sp. 2	Geodia sp. / Geodia sp. 2	NO	NO	NZ-229	WB-00262
NZ-215	NZ-215	Sponge	19.02.17	Day11	76ROV13	Otago/Canterbury Slope	na	na	-45.0251122	171.9043274	625	na	OK	Demospongiae	Demospongiae	unknown 23	unknown 23	haplosclerid	haplosclerid	NO	NO	NZ-215	WB-00250
NZ-227	NZ-227	Sponge	19.02.17	Day11	76ROV13	Otago/Canterbury Slope	na	na	-45.0263939	171.9035187	672	na	OK	Demospongiae	Demospongiae	Isodictyidae	Isodictya	Isodictya sp.	Isodictya sp.	YES	NO	NZ-227	WB-00260
NZ-221	NZ-221	Sponge	19.02.17	Day11	76ROV13	Otago/Canterbury Slope	na	na	-45.0243111	171.9042511	595	na	OK	Demospongiae	Demospongiae	Latrunculiidae	Latrunculia	Latrunculid1	Latrunculid1	YES	YES	NZ-221	WB-00152
NZ-202	NZ-202	Sponge	19.02.17	Day11	76ROV13	Otago/Canterbury Slope	na	na	-45.0265312	171.9035492	678	na	OK	Demospongiae	Demospongiae	Myxillidae	Myxilla	Myxilla / Myxilla sp. 1	Myxilla / Myxilla sp. 1	NO	NO	NZ-202	WB-00237
NZ-200	NZ-200	Sponge	19.02.17	Day11	76ROV13	Otago/Canterbury Slope	na	na	-45.0246925	171.9044342	610	na	OK	Demospongiae	Demospongiae	Myxillidae	unknown 9	Myxillid sp. 1	Myxillid sp. 1	YES	YES	NZ-200	WB-00235
NZ-203	NZ-203	Sponge	19.02.17	Day11	76ROV13	Otago/Canterbury Slope	na	na	-45.026123	171.9034119	662	na	OK	Demospongiae	Demospongiae	Myxillidae	unknown 9	Myxillid sp. 1	Myxillid sp. 1	YES	YES	NZ-203	WB-00238
NZ-205	NZ-205	Sponge	19.02.17	Day11	76ROV13	Otago/Canterbury Slope	na	na	-45.0265312	171.9035492	678	na	OK	Demospongiae	Demospongiae	Myxillidae	unknown 9	Myxillid sp. 1	Myxillid sp. 1	YES	YES	NZ-205	WB-00240
NZ-218	NZ-218	Sponge	19.02.17	Day11	76ROV13	Otago/Canterbury Slope	na	na	-45.0265312	171.9035492	678	na	OK	Demospongiae	Demospongiae	Myxillidae	unknown 9	Myxillid sp. 1	Myxillid sp. 1	YES	YES	NZ-218	WB-00253
NZ-223	NZ-223	Sponge	19.02.17	Day11	76ROV13	Otago/Canterbury Slope	na	na	-45.0242615	171.9048615	604	na	OK	Demospongiae	Demospongiae	Myxillidae	unknown 9	Myxillid sp. 1	Myxillid sp. 1	YES	YES	NZ-223	WB-00256
NZ-224	NZ-224	Sponge	19.02.17	Day11	76ROV13	Otago/Canterbury Slope	na	na	-45.0236855	171.905777	596	na	OK	Demospongiae	Demospongiae	Myxillidae	unknown 9	Myxillid sp. 1	Myxillid sp. 1	YES	YES	NZ-224	WB-00257
SO254_76_1	SO254_76	Seawater	19.02.17	Day11	76ROV13	Otago/Canterbury Slope	na	na	-45.0260468	171.9035187	641	na	na	Seawater	Seawater	Seawater	Seawater	Seawater	Seawater_76	YES	YES	na	na
SO254_76_2	SO254_76	Seawater	19.02.17	Day11	76ROV13	Otago/Canterbury Slope	na	na	-45.0260468	171.9035187	641	na	na	Seawater	Seawater	Seawater	Seawater	Seawater	Seawater_76	YES	YES	na	na
SO254_76_3	SO254_76	Seawater	19.02.17	Day11	76ROV13	Otago/Canterbury Slope	na	na	-45.0260468	171.9035187	641	na	na	Seawater	Seawater	Seawater	Seawater	Seawater	Seawater_76	YES	YES	na	na
NZ-230	NZ-230	Sponge	19.02.17	Day11	76ROV13	Otago/Canterbury Slope	na	na	-45.0256081	171.9039612	642	na	OK	Demospongiae	Demospongiae	Tedaniidae	Tedania	Tedania / Tedania sp. 2	Tedania / Tedania sp. 2	YES	YES	NZ-230	WB-00263
NZ-226	NZ-226	Sponge	19.02.17	Day11	76ROV13	Otago/Canterbury Slope	na	na	-45.0261536	171.9033813	665	na	OK	Demospongiae	Demospongiae	Polymastiidae	Tentorium	Tentorium papillatum	Tentorium papillatum	NO	NO	NZ-226	WB-00259
NZ-206	NZ-206	Sponge	19.02.17	Day11	76ROV13	Otago/Canterbury Slope	na	na	-45.025753	171.9038086	646	na	OK	Demospongiae	Demospongiae	Polymastiidae	Tentorium	Tentorium sp.	Tentorium sp.	YES	YES	NZ-206	WB-00241
NZ-212	NZ-212	Sponge	19.02.17	Day11	76ROV13	Otago/Canterbury Slope	na	na	-45.026123	171.9034119	662	na	OK	Demospongiae	Demospongiae	Polymastiidae	Tentorium	Tentorium sp.	Tentorium sp.	YES	YES	NZ-212	WB-00247
NZ-213	NZ-213	Sponge	19.02.17	Day11	76ROV13	Otago/Canterbury Slope	na	na	-45.0256577	171.9038849	643	na	OK	Demospongiae	Demospongiae	Polymastiidae	Tentorium	Tentorium sp.	Tentorium sp.	YES	YES	NZ-213	WB-00248
NZ-260	NZ-260	Sponge	20.02.17	Day12	77ROV14	Christchurch Canyon Slope	na	na	-43.2894096	173.6069336	706	na	OK	Demospongiae	Demospongiae	Suberitidae	Aaptos	Aaptos sp.	Aaptos sp.	NO	NO	NZ-260	WB-00283
NZ-248	NZ-248	Sponge	20.02.17	Day12	77ROV14	Christchurch Canyon Slope	na	na	-43.2917671	173.6064606	806	na	BAD	unknown sponge	unknown sponge	unknown sponge	unknown sponge	BAD myxillid	BAD myxillid	NO	NO	NZ-248	WB-00272
NZ-257	NZ-257	Sponge	20.02.17	Day12	77ROV14	Christchurch Canyon Slope	na	na	-43.2894096	173.6069336	706	na	BAD	unknown sponge	unknown sponge	unknown sponge	unknown sponge	BAD myxillid	BAD myxillid	NO	NO	NZ-257	WB-00280
NZ-243	NZ-243	Sponge	20.02.17	Day12	77ROV14	Christchurch Canyon Slope	na	na	-43.2890511	173.6061707	670	na	BAD	unknown sponge	unknown sponge	unknown sponge	unknown sponge	BAD Polymastia	BAD Polymastia	NO	NO	NZ-243	WB-00268
NZ-249	NZ-249	Sponge	20.02.17	Day12	77ROV14	Christchurch Canyon Slope	na	na	-43.2883606	173.6061249	668	na	OK	Demospongiae	Demospongiae	Chalinidae	Haliclona	cf. Haliclona/Callyspongia sp. 1	cf. Haliclona/Callyspongia sp. 1	YES	YES	NZ-249	WB-00273
NZ-255	NZ-255	Sponge	20.02.17	Day12	77ROV14	Christchurch Canyon Slope	na	na	-43.2919388	173.6065521	813	na	OK	Demospongiae	Demospongiae	Coelosphaeridae	Lissodendoryx	cf. Lissodendoryx	cf. Lissodendoryx	YES	NO	NZ-255	WB-00278
NZ-239	NZ-239	Sponge	20.02.17	Day12	77ROV14	Christchurch Canyon Slope	na	na	-43.2900047	173.6064148	726	na	OK	Demospongiae	Demospongiae	Coelosphaeridae	unknown 11	Coelosphaeridae sp.1	Coelosphaeridae sp.1	YES	NO	NZ-239	WB-00266
NZ-256	NZ-256	Sponge	20.02.17	Day12	77ROV14	Christchurch Canyon Slope	na	na	-43.2894096	173.6069336	706	na	OK	Demospongiae	Demospongiae	Coelosphaeridae	unknown 11	Coelosphaeridae sp.1	Coelosphaeridae sp.1	YES	NO	NZ-256	WB-00279
NZ-238	NZ-238	Sponge	20.02.17	Day12	77ROV14	Christchurch Canyon Slope	na	na	-43.2917747	173.6064148	804	na	BAD	unknown sponge	unknown sponge	unknown sponge	unknown sponge	CONT	CONT	NO	NO	NZ-238	WB-00265
NZ-251	NZ-251	Sponge	20.02.17	Day12	77ROV14	Christchurch Canyon Slope	na	na	-43.2917747	173.6064148	804	na	BAD	unknown sponge	unknown sponge	unknown sponge	unknown sponge	CONT	CONT	NO	NO	NZ-251	WB-00275
NZ-259	NZ-259	Sponge	20.02.17	Day12	77ROV14	Christchurch Canyon Slope	na	na	-43.2917252	173.606308	799	na	OK	Demospongiae	Demospongiae	Hymedesmiidae	unknown 6	Hymedesmia/Lissodendoryx...	Hymedesmia/Lissodendoryx...	NO	NO	NZ-259	WB-00282
NZ-258	NZ-258	Sponge	20.02.17	Day12	77ROV14	Christchurch Canyon Slope	na	na	-43.2917671	173.6064606	806	na	OK	Demospongiae	Demospongiae	Isodictyidae	Isodictya	Isodictya sp.	Isodictya sp.	YES	NO	NZ-258	WB-00281
NZ-240	NZ-240	Sponge	20.02.17	Day12	77ROV14	Christchurch Canyon Slope	na	na	-43.2894096	173.6069336	706	na	OK	Demospongiae	Demospongiae	Latrunculiidae	Latrunculia	Latrunculid1	Latrunculid1	YES	YES	NZ-240	WB-00154
NZ-241	NZ-241	Sponge	20.02.17	Day12	77ROV14	Christchurch Canyon Slope	na	na	-43.2890511	173.6061707	670	na	OK	Demospongiae	Demospongiae	Latrunculiidae	Latrunculia	Latrunculid1	Latrunculid1	YES	YES	NZ-241	WB-00155
NZ-250	NZ-250	Sponge	20.02.17	Day12	77ROV14	Christchurch Canyon Slope	na	na	-43.290596	173.6055603	806	na	OK	Demospongiae	Demospongiae	Myxillidae	Myxilla	Myxilla / Myxilla sp. 2	Myxilla / Myxilla sp. 2	NO	NO	NZ-250	WB-00274
NZ-252	NZ-252	Sponge	20.02.17	Day12	77ROV14	Christchurch Canyon Slope	na	na	-43.2927246	173.6065979	851	na	OK	Demospongiae	Demospongiae	Myxillidae	unknown 9	Myxillid sp. 1	Myxillid sp. 1	YES	YES	NZ-252	WB-00276
NZ-244	NZ-244	Sponge	20.02.17	Day12	77ROV14	Christchurch Canyon Slope	na	na	-43.2890511	173.6061707	670	na	BAD	unknown sponge	unknown sponge	unknown sponge	unknown sponge	no sequence	no sequence	NO	NO	NZ-244	WB-00269
NZ-246	NZ-246	Sponge	20.02.17	Day12	77ROV14	Christchurch Canyon Slope	na	na	-43.2893562	173.6069489	705	na	OK	Demospongiae	Demospongiae	Polymastiidae	Polymastia	Polymastia invaginata	Polymastia invaginata	NO	NO	NZ-246	WB-00270
NZ-242	NZ-242	Sponge	20.02.17	Day12	77ROV14	Christchurch Canyon Slope	na	na	-43.2892647	173.6067963	697	na	OK	Demospongiae	Demospongiae	Suberitidae?	unknown 2	Rhizaxinella?	Rhizaxinella?	NO	NO	NZ-242	WB-00267
NZ-237	NZ-237	Sponge	20.02.17	Day12	77ROV14	Christchurch Canyon Slope	na	na	-43.2927361	173.6066742	853	na	OK	Hexactinellida	Hexactinellida	Rossellidae	Scyphidium	Scyphidium australiense	Scyphidium australiense	YES	YES	NZ-237	WB-00153
SO254_77_1	SO254_77	Seawater	20.02.17	Day12	77ROV14	Christchurch Canyon Slope	na	na	-43.2927361	173.6066742	715	na	na	Seawater	Seawater	Seawater	Seawater	Seawater	Seawater_77	YES	YES	na	na
SO254_77_2	SO254_77	Seawater	20.02.17	Day12	77ROV14	Christchurch Canyon Slope	na	na	-43.2927361	173.6066742	715	na	na	Seawater	Seawater	Seawater	Seawater	Seawater	Seawater_77	YES	YES	na	na
SO254_77_3	SO254_77	Seawater	20.02.17	Day12	77ROV14	Christchurch Canyon Slope	na	na	-43.2927361	173.6066742	715	na	na	Seawater	Seawater	Seawater	Seawater	Seawater	Seawater_77	YES	YES	na	na
SED_ROV14_1	SED_ROV14_1	Sediment	20.02.17	Day12	77ROV14	Christchurch Canyon Slope	na	na	-43.2883835	173.6060028	708	na	na	Sediment	Sediment	Sediment	Sediment	Sediment	Sediment_14	YES	YES	na	na
SED_ROV14_2	SED_ROV14_2	Sediment	20.02.17	Day12	77ROV14	Christchurch Canyon Slope	na	na	-43.2883835	173.6060028	708	na	na	Sediment	Sediment	Sediment	Sediment	Sediment	Sediment_14	YES	YES	na	na
SED_ROV14_3	SED_ROV14_3	Sediment	20.02.17	Day12	77ROV14	Christchurch Canyon Slope	na	na	-43.2883835	173.6060028	708	na	na	Sediment	Sediment	Sediment	Sediment	Sediment	Sediment_14	YES	YES	na	na
NZ-253	NZ-253	Sponge	20.02.17	Day12	77ROV14	Christchurch Canyon Slope	na	na	-43.2890854	173.6062622	674	na	OK	Demospongiae	Demospongiae	Tedaniidae	Tedania	Tedania / Tedania sp. 1	Tedania / Tedania sp. 1	YES	YES	NZ-253	WB-00277
NZ-247	NZ-247	Sponge	20.02.17	Day12	77ROV14	Christchurch Canyon Slope	na	na	-43.2919388	173.6065521	813	na	OK	Demospongiae	Demospongiae	Polymastiidae	Tentorium	Tentorium sp.	Tentorium sp.	YES	YES	NZ-247	WB-00271
NZ-254	NZ-254	Sponge	20.02.17	Day12	77ROV14	Christchurch Canyon Slope	na	na	-43.2927361	173.6066742	853	na	UNKNOWN	unknown sponge	unknown sponge	unknown sponge	unknown sponge	unknown sponge	unknown sponge	NO	NO	NZ-254	WB-00156
NIWA127224	NIWA 127200	NIWA	20.02.17	Day12	77ROV14	Christchurch Canyon Slope	na	na	na	na	na	na	UNKNOWN	unknown sponge	unknown sponge	unknown sponge	unknown sponge	unknown sponge	unknown sponge	NO	NO	na	na
NZ-276	NZ-276	Sponge	21.02.17	Day13	78ROV15	Wairarapa Slope	na	na	-41.6191368	175.7879791	1663	na	OK	Hexactinellida	Hexactinellida	Euretidae	Eurete	Eurete sp. 2	Eurete sp. 2	NO	NO	NZ-276	WB-00160
NZ-278	NZ-278	Sponge	21.02.17	Day13	78ROV15	Wairarapa Slope	na	na	-41.6191406	175.7883453	1631	na	OK	Hexactinellida	Hexactinellida	Farreidae	Farrea	Farrea mexicana	Farrea mexicana	NO	NO	NZ-278	WB-00161
NZ-274	NZ-274	Sponge	21.02.17	Day13	78ROV15	Wairarapa Slope	na	na	-41.6192017	175.7877197	1675	na	OK	Hexactinellida	Hexactinellida	Rossellidae	Scyphidium	Scyphidium australiense	Scyphidium australiense	YES	YES	NZ-274	WB-00158
NZ-279	NZ-279	Sponge	21.02.17	Day13	78ROV15	Wairarapa Slope	na	na	-41.6191406	175.7883453	1631	na	OK	Hexactinellida	Hexactinellida	Rossellidae	Scyphidium	Scyphidium australiense	Scyphidium australiense	YES	YES	NZ-279	WB-00162
SO254_78_1	SO254_78	Seawater	21.02.17	Day13	78ROV15	Wairarapa Slope	na	na	-41.6101913	175.7892609	1202	na	na	Seawater	Seawater	Seawater	Seawater	Seawater	Seawater_78	YES	YES	na	na
SO254_78_2	SO254_78	Seawater	21.02.17	Day13	78ROV15	Wairarapa Slope	na	na	-41.6101913	175.7892609	1202	na	na	Seawater	Seawater	Seawater	Seawater	Seawater	Seawater_78	YES	YES	na	na
SO254_78_3	SO254_78	Seawater	21.02.17	Day13	78ROV15	Wairarapa Slope	na	na	-41.6101913	175.7892609	1202	na	na	Seawater	Seawater	Seawater	Seawater	Seawater	Seawater_78	YES	YES	na	na
SED_ROV15_1	SED_ROV15_1	Sediment	21.02.17	Day13	78ROV15	Wairarapa Slope	na	na	-41.6167641	175.7893066	1476	na	na	Sediment	Sediment	Sediment	Sediment	Sediment	Sediment_15	YES	YES	na	na
SED_ROV15_2	SED_ROV15_2	Sediment	21.02.17	Day13	78ROV15	Wairarapa Slope	na	na	-41.6167641	175.7893066	1476	na	na	Sediment	Sediment	Sediment	Sediment	Sediment	Sediment_15	YES	YES	na	na
SED_ROV15_3	SED_ROV15_3	Sediment	21.02.17	Day13	78ROV15	Wairarapa Slope	na	na	-41.6167641	175.7893066	1476	na	na	Sediment	Sediment	Sediment	Sediment	Sediment	Sediment_15	YES	YES	na	na
NZ-273	NZ-273	Sponge	21.02.17	Day13	78ROV15	Wairarapa Slope	na	na	-41.6101913	175.7892609	1283	na	UNKNOWN	unknown sponge	unknown sponge	unknown sponge	unknown sponge	unknown sponge	unknown sponge	NO	NO	NZ-273	WB-00157
NZ-275	NZ-275	Sponge	21.02.17	Day13	78ROV15	Wairarapa Slope	na	na	-41.6188965	175.7884827	1618	na	UNKNOWN	unknown sponge	unknown sponge	unknown sponge	unknown sponge	unknown sponge	unknown sponge	NO	NO	NZ-275	WB-00159
NZ-301	NZ-301	Sponge	22.02.17	Day14	79ROV16	Seamount 986 off Hawke´s Bay	na	na	-40.0476112	178.1365662	893	na	OK	Hexactinellida	Hexactinellida	Aulocalycidae	Aulocalyx	Aulocalyx n. sp	Aulocalyx n. sp	YES	YES	NZ-301	WB-00168
NZ-306	NZ-306	Sponge	22.02.17	Day14	79ROV16	Seamount 986 off Hawke´s Bay	na	na	-40.0495491	178.1354065	893	na	OK	Hexactinellida	Hexactinellida	Euplectellidae	Bolosominae	Bolosominae n. gen. 3 sp. 2	Bolosominae n. gen. 3 sp. 2	NO	NO	NZ-306	WB-00173
NZ-303	NZ-303	Sponge	22.02.17	Day14	79ROV16	Seamount 986 off Hawke´s Bay	na	na	-40.0476875	178.1365967	894	na	OK	Demospongiae	Demospongiae	unknown sponge	unknown sponge	Demospongiae	Demospongiae	NO	NO	NZ-303	WB-00170
NZ-304	NZ-304	Sponge	22.02.17	Day14	79ROV16	Seamount 986 off Hawke´s Bay	na	na	-40.0484009	178.1346741	899	na	OK	Demospongiae	Demospongiae	unknown sponge	unknown sponge	Demospongiae	Demospongiae	NO	NO	NZ-304	WB-00171
NZ-305	NZ-305	Sponge	22.02.17	Day14	79ROV16	Seamount 986 off Hawke´s Bay	na	na	-40.0493774	178.1356049	892	na	OK	Demospongiae	Demospongiae	unknown sponge	unknown sponge	Demospongiae	Demospongiae	NO	NO	NZ-305	WB-00172
NZ-307	NZ-307	Sponge	22.02.17	Day14	79ROV16	Seamount 986 off Hawke´s Bay	na	na	-40.0495491	178.1354065	893	na	OK	Hexactinellida	Hexactinellida	Farreidae	Farrea	Farrea occa occa	Farrea occa occa	NO	NO	NZ-307	WB-00284
NZ-302	NZ-302	Sponge	22.02.17	Day14	79ROV16	Seamount 986 off Hawke´s Bay	na	na	-40.0495491	178.1354065	893	na	OK	Hexactinellida	Hexactinellida	Rossellidae	Lanuginellinae	Lanuginellinae indet.	Lanuginellinae indet.	YES	YES	NZ-302	WB-00169
NZ-300	NZ-300	Sponge	22.02.17	Day14	79ROV16	Seamount 986 off Hawke´s Bay	na	na	-40.0482597	178.1347198	896	na	OK	Hexactinellida	Hexactinellida	Leucopsacidae	Leucopsacus	Leucopsacus distantus	Leucopsacus distantus	YES	YES	NZ-300	WB-00167
NZ-299	NZ-299	Sponge	22.02.17	Day14	79ROV16	Seamount 986 off Hawke´s Bay	na	na	-40.0488701	178.1345215	908	na	OK	Hexactinellida	Hexactinellida	Euplectellidae	Regadrella	Regadrella n. sp. 2	Regadrella n. sp. 2	NO	NO	NZ-299	WB-00166
NZ-296	NZ-296	Sponge	22.02.17	Day14	79ROV16	Seamount 986 off Hawke´s Bay	na	na	-40.0482597	178.1347198	896	na	OK	Hexactinellida	Hexactinellida	Euplectellidae	Regadrella	Regadrella okinoseana	Regadrella okinoseana	YES	YES	NZ-296	WB-00163
NZ-297	NZ-297	Sponge	22.02.17	Day14	79ROV16	Seamount 986 off Hawke´s Bay	na	na	-40.0476112	178.1365662	893	na	OK	Hexactinellida	Hexactinellida	Euplectellidae	Regadrella	Regadrella okinoseana	Regadrella okinoseana	YES	YES	NZ-297	WB-00164
NZ-298	NZ-298	Sponge	22.02.17	Day14	79ROV16	Seamount 986 off Hawke´s Bay	na	na	-40.0491982	178.1358185	890	na	OK	Hexactinellida	Hexactinellida	Euplectellidae	Regadrella	Regadrella okinoseana	Regadrella okinoseana	YES	YES	NZ-298	WB-00165
SED_ROV16_1	SED_ROV16_1	Sediment	22.02.17	Day14	79ROV16	Seamount 986 off Hawke´s Bay	na	na	-40.0489159	178.1359253	886	na	na	Sediment	Sediment	Sediment	Sediment	Sediment	Sediment_16	YES	YES	na	na
SED_ROV16_2	SED_ROV16_2	Sediment	22.02.17	Day14	79ROV16	Seamount 986 off Hawke´s Bay	na	na	-40.0489159	178.1359253	886	na	na	Sediment	Sediment	Sediment	Sediment	Sediment	Sediment_16	YES	YES	na	na
SED_ROV16_3	SED_ROV16_3	Sediment	22.02.17	Day14	79ROV16	Seamount 986 off Hawke´s Bay	na	na	-40.0489159	178.1359253	886	na	na	Sediment	Sediment	Sediment	Sediment	Sediment	Sediment_16	YES	YES	na	na
NZ-314	NZ-314	Sponge	22.02.17	Day14	81ROV17	Seamount 986 off Hawke´s Bay	na	na	-40.0472603	178.1359406	883	na	OK	Demospongiae	Demospongiae	Cladorhizidae	Abyssocladia	Abyssocladia	Abyssocladia	YES	NO	NZ-314	WB-00177
NZ-312	NZ-312	Sponge	22.02.17	Day14	81ROV17	Seamount 986 off Hawke´s Bay	na	na	-40.0469971	178.1360016	877	na	OK	Demospongiae	Demospongiae	Cladorhizidae	Asbestopluma	Asbestopluma / Asbestopluma sp. 2	Asbestopluma / Asbestopluma sp. 2	NO	NO	NZ-312	WB-00176
NZ-318	NZ-318	Sponge	22.02.17	Day14	81ROV17	Seamount 986 off Hawke´s Bay	na	na	-40.0482826	178.1368103	875	na	OK	Hexactinellida	Hexactinellida	Aulocalycidae	Aulocalyx	Aulocalyx n. sp	Aulocalyx n. sp	YES	YES	NZ-318	WB-00181
NZ-316	NZ-316	Sponge	22.02.17	Day14	81ROV17	Seamount 986 off Hawke´s Bay	na	na	-40.0452576	178.1421356	857	na	OK	Hexactinellida	Hexactinellida	Rossellidae	Bathydorus	Bathydorus sp. 1	Bathydorus sp. 1	YES	YES	NZ-316	WB-00179
NZ-311	NZ-311	Sponge	22.02.17	Day14	81ROV17	Seamount 986 off Hawke´s Bay	na	na	-40.0452576	178.1421356	857	na	OK	Demospongiae	Demospongiae	unknown sponge	unknown sponge	Demospongiae	Demospongiae	NO	NO	NZ-311	WB-00175
NZ-310	NZ-310	Sponge	22.02.17	Day14	81ROV17	Seamount 986 off Hawke´s Bay	na	na	-40.0466995	178.1362457	871	na	OK	Hexactinellida	Hexactinellida	Rossellidae	Lanuginellinae	Lanuginellinae indet.	Lanuginellinae indet.	YES	YES	NZ-310	WB-00174
NZ-315	NZ-315	Sponge	22.02.17	Day14	81ROV17	Seamount 986 off Hawke´s Bay	na	na	-40.0461502	178.1403046	857	na	OK	Hexactinellida	Hexactinellida	Rossellidae	Lanuginellinae	Lanuginellinae indet.	Lanuginellinae indet.	YES	YES	NZ-315	WB-00178
NZ-319	NZ-319	Sponge	22.02.17	Day14	81ROV17	Seamount 986 off Hawke´s Bay	na	na	-40.0446587	178.1395416	852	na	OK	Hexactinellida	Hexactinellida	Rossellidae	Lanuginellinae	Lanuginellinae indet.	Lanuginellinae indet.	YES	YES	NZ-319	WB-00182
NZ-317	NZ-317	Sponge	22.02.17	Day14	81ROV17	Seamount 986 off Hawke´s Bay	na	na	-40.0452576	178.1421356	857	na	OK	Hexactinellida	Hexactinellida	Leucopsacidae	Leucopsacus	Leucopsacus distantus	Leucopsacus distantus	YES	YES	NZ-317	WB-00180
Tanja_K_C1	Tanja  (K, C1) (incubated in lab - small chambers)	Tanja	22.02.17	Day14	81ROV17	Seamount 986 off Hawke´s Bay	na	na	-40.047554	178.1354828	887	na	na	na	na	na	na	na	na	na	na	Tanja  (K, C1) (incubated in lab - small chambers)	WB-00296
Tanja_K_C2	Tanja  (K, C2) (incubated in lab - small chambers)	Tanja	22.02.17	Day14	81ROV17	Seamount 986 off Hawke´s Bay	na	na	-40.047554	178.1354828	887	na	na	na	na	na	na	na	na	na	na	Tanja  (K, C2) (incubated in lab - small chambers)	WB-00297
Tanja_K_C3	Tanja  (K, C3) (incubated in lab - small chambers)	Tanja	22.02.17	Day14	81ROV17	Seamount 986 off Hawke´s Bay	na	na	-40.047554	178.1354828	887	na	na	na	na	na	na	na	na	na	na	Tanja  (K, C3) (incubated in lab - small chambers)	WB-00298
Tanja5A	Tanja5 A (incubated in lab - small chambers)	Tanja	22.02.17	Day14	81ROV17	Seamount 986 off Hawke´s Bay	na	na	-40.0484047	178.1346741	899	na	na	na	na	na	na	na	na	na	na	Tanja5 A (incubated in lab - small chambers)	WB-00292
Tanja5B	Tanja5 B (incubated in lab - small chambers)	Tanja	22.02.17	Day14	81ROV17	Seamount 986 off Hawke´s Bay	na	na	-40.0484047	178.1346741	899	na	na	na	na	na	na	na	na	na	na	Tanja5 B (incubated in lab - small chambers)	WB-00293
Tanja5C	Tanja5 C (incubated in lab - small chambers)	Tanja	22.02.17	Day14	81ROV17	Seamount 986 off Hawke´s Bay	na	na	-40.0484047	178.1346741	899	na	na	na	na	na	na	na	na	na	na	Tanja5 C (incubated in lab - small chambers)	WB-00294
SO254_81_1	SO254_81	Seawater	22.02.17	Day14	81ROV17	Seamount 986 off Hawke´s Bay	na	na	-40.0446587	178.1395416	852	na	na	Seawater	Seawater	Seawater	Seawater	Seawater	Seawater_81	YES	YES	na	na
SO254_81_2	SO254_81	Seawater	22.02.17	Day14	81ROV17	Seamount 986 off Hawke´s Bay	na	na	-40.0446587	178.1395416	852	na	na	Seawater	Seawater	Seawater	Seawater	Seawater	Seawater_81	YES	YES	na	na
SO254_81_3	SO254_81	Seawater	22.02.17	Day14	81ROV17	Seamount 986 off Hawke´s Bay	na	na	-40.0446587	178.1395416	852	na	na	Seawater	Seawater	Seawater	Seawater	Seawater	Seawater_81	YES	YES	na	na
PS-1069	PS-1069	PS	22.02.17	Day14	81ROV17	Seamount 986 off Hawke´s Bay	na	na	-40.0446587	178.1395416	852	na	UNKNOWN	unknown sponge	unknown sponge	unknown sponge	unknown sponge	unknown sponge	unknown sponge	NO	NO	na	na
NZ-326	NZ-326	Sponge	23.02.17	Day15	84ROV18	Seamount 1247, off east Cape	na	na	-37.9123421	179.2154541	1352	na	OK	Demospongiae	Demospongiae	Cladorhizidae	Abyssocladia	Abyssocladia	Abyssocladia	YES	NO	NZ-326	WB-00188
NZ-325	NZ-325	Sponge	23.02.17	Day15	84ROV18	Seamount 1247, off east Cape	na	na	-37.9145355	179.2136536	1389	na	OK	Hexactinellida	Hexactinellida	Leucopsacidae	Chaunoplectella	Chaunoplectella n. sp.	Chaunoplectella n. sp.	NO	NO	NZ-325	WB-00187
Tanja6_1	Tanja6 (incubated in lab - small chambers) 	Tanja	23.02.17	Day15	84ROV18	Seamount 1247, off east Cape	na	na	-37.9156723	179.2151031	1467	na	na	na	na	na	na	na	na	na	na	Tanja6 (incubated in lab - small chambers) 	WB-00301
Tanja6_2	Tanja6 (incubated in lab - small chambers) 	Tanja	23.02.17	Day15	84ROV18	Seamount 1247, off east Cape	na	na	-37.9156723	179.2151031	1467	na	na	na	na	na	na	na	na	na	na	Tanja6 (incubated in lab - small chambers) 	WB-00300
Tanja6_3	Tanja6 (incubated in lab - small chambers) 	Tanja	23.02.17	Day15	84ROV18	Seamount 1247, off east Cape	na	na	-37.9156723	179.2151031	1467	na	na	na	na	na	na	na	na	na	na	Tanja6 (incubated in lab - small chambers) 	WB-00299
NZ-321	NZ-321	Sponge	23.02.17	Day15	84ROV18	Seamount 1247, off east Cape	na	na	-37.9123421	179.2154541	1352	na	OK	Hexactinellida	Hexactinellida	Euplectellidae	Saccocalyx	Saccocalyx n. sp.	Saccocalyx n. sp.	YES	YES	NZ-321	WB-00183
NZ-322	NZ-322	Sponge	23.02.17	Day15	84ROV18	Seamount 1247, off east Cape	na	na	-37.9156265	179.2149353	1457	na	OK	Hexactinellida	Hexactinellida	Euplectellidae	Saccocalyx	Saccocalyx n. sp.	Saccocalyx n. sp.	YES	YES	NZ-322	WB-00184
NZ-323	NZ-323	Sponge	23.02.17	Day15	84ROV18	Seamount 1247, off east Cape	na	na	-37.9156265	179.2149353	1457	na	OK	Hexactinellida	Hexactinellida	Euplectellidae	Saccocalyx	Saccocalyx n. sp.	Saccocalyx n. sp.	YES	YES	NZ-323	WB-00185
SO254_84_1	SO254_84	Seawater	23.02.17	Day15	84ROV18	Seamount 1247, off east Cape	na	na	-37.9131241	179.2137909	1251	na	na	Seawater	Seawater	Seawater	Seawater	Seawater	Seawater_84	YES	YES	na	na
SO254_84_2	SO254_84	Seawater	23.02.17	Day15	84ROV18	Seamount 1247, off east Cape	na	na	-37.9131241	179.2137909	1251	na	na	Seawater	Seawater	Seawater	Seawater	Seawater	Seawater_84	YES	YES	na	na
SO254_84_3	SO254_84	Seawater	23.02.17	Day15	84ROV18	Seamount 1247, off east Cape	na	na	-37.9131241	179.2137909	1251	na	na	Seawater	Seawater	Seawater	Seawater	Seawater	Seawater_84	YES	YES	na	na
SED_ROV18_1	Sed_ROV18_1	Sediment	23.02.17	Day15	84ROV18	Seamount 1247, off east Cape	na	na	-37.9116592	179.2155304	1288	na	na	Sediment	Sediment	Sediment	Sediment	Sediment	Sediment_18	YES	YES	na	na
SED_ROV18_2	Sed_ROV18_2	Sediment	23.02.17	Day15	84ROV18	Seamount 1247, off east Cape	na	na	-37.9116592	179.2155304	1288	na	na	Sediment	Sediment	Sediment	Sediment	Sediment	Sediment_18	YES	YES	na	na
SED_ROV18_3	Sed_ROV18_3	Sediment	23.02.17	Day15	84ROV18	Seamount 1247, off east Cape	na	na	-37.9116592	179.2155304	1288	na	na	Sediment	Sediment	Sediment	Sediment	Sediment	Sediment_18	YES	YES	na	na
NZ-324	NZ-324	Sponge	23.02.17	Day15	84ROV18	Seamount 1247, off east Cape	na	na	-37.9115601	179.2155762	1278	na	OK	Hexactinellida	Hexactinellida	Euplectellidae	Walteria	Walteria leuckarti	Walteria leuckarti	YES	NO	NZ-324	WB-00186
NZ-349	NZ-349	Sponge	24.02.17	Day16	85ROV19	Southern Kermadec Ridge	na	na	-35.6093216	178.8540955	1164	na	OK	Hexactinellida	Hexactinellida	Aulocalycidae	Aulocalyx	Aulocalyx serialis	Aulocalyx serialis	YES	NO	NZ-349	WB-00200
NZ-338	NZ-338	Sponge	24.02.17	Day16	85ROV19	Southern Kermadec Ridge	na	na	-35.6118469	178.8523254	1150	na	OK	Hexactinellida	Hexactinellida	Rossellidae	Bathydorus	Bathydorus sp. 2	Bathydorus sp. 2	NO	NO	NZ-338	WB-00190
NZ-339	NZ-339	Sponge	24.02.17	Day16	85ROV19	Southern Kermadec Ridge	na	na	-35.6091194	178.8538361	1167	na	OK	Hexactinellida	Hexactinellida	Euplectellidae	Bolosoma	Bolosoma cyanae	Bolosoma cyanae	YES	YES	NZ-339	WB-00191
NZ-340	NZ-340	Sponge	24.02.17	Day16	85ROV19	Southern Kermadec Ridge	na	na	-35.6090164	178.853775	1166	na	OK	Hexactinellida	Hexactinellida	Euplectellidae	Bolosoma	Bolosoma cyanae	Bolosoma cyanae	YES	YES	NZ-340	WB-00192
NZ-341	NZ-341	Sponge	24.02.17	Day16	85ROV19	Southern Kermadec Ridge	na	na	-35.609127	178.8539581	1164	na	OK	Hexactinellida	Hexactinellida	Euplectellidae	Bolosoma	Bolosoma cyanae	Bolosoma cyanae	YES	YES	NZ-341	WB-00193
NZ-346	NZ-346	Sponge	24.02.17	Day16	85ROV19	Southern Kermadec Ridge	na	na	-35.6102257	178.8540039	1149	na	OK	Hexactinellida	Hexactinellida	Euplectellidae	Bolosoma	Bolosoma cyanae	Bolosoma cyanae	YES	YES	NZ-346	WB-00197
NZ-342	NZ-342	Sponge	24.02.17	Day16	85ROV19	Southern Kermadec Ridge	na	na	-35.6093216	178.8540955	1164	na	OK	Hexactinellida	Hexactinellida	Rossellidae	Caulophacus	Caulophacus (Caulophacus) discohexaster	Caulophacus (Caulophacus) discohexaster	YES	NO	NZ-342	WB-00194
NZ-343	NZ-343	Sponge	24.02.17	Day16	85ROV19	Southern Kermadec Ridge	na	na	-35.6118469	178.8523254	1150	na	OK	Hexactinellida	Hexactinellida	Rossellidae	Caulophacus	Caulophacus (Caulophacus) discohexaster	Caulophacus (Caulophacus) discohexaster	YES	NO	NZ-343	WB-00195
NZ-344	NZ-344	Sponge	24.02.17	Day16	85ROV19	Southern Kermadec Ridge	na	na	-35.6100006	178.8534088	1161	na	BAD	unknown sponge	unknown sponge	unknown sponge	unknown sponge	CONT	CONT	NO	NO	NZ-344	WB-00285
NZ-351	NZ-351	Sponge	24.02.17	Day16	85ROV19	Southern Kermadec Ridge	na	na	-35.6101036	178.8539429	1153	na	BAD	unknown sponge	unknown sponge	unknown sponge	unknown sponge	CONT	CONT	NO	NO	NZ-351	WB-00286
NZ-348	NZ-348	Sponge	24.02.17	Day16	85ROV19	Southern Kermadec Ridge	na	na	-35.6103325	178.8538513	1150	na	OK	Demospongiae	Demospongiae	unknown sponge	unknown sponge	Demospongiae	Demospongiae	NO	NO	NZ-348	WB-00199
NZ-345	NZ-345	Sponge	24.02.17	Day16	85ROV19	Southern Kermadec Ridge	na	na	-35.6100235	178.8538361	1153	na	OK	Hexactinellida	Hexactinellida	Farreidae	Farrea	Farrea sp. 4	Farrea sp. 4	YES	NO	NZ-345	WB-00196
NZ-337	NZ-337	Sponge	24.02.17	Day16	85ROV19	Southern Kermadec Ridge	na	na	-35.6118469	178.8523254	1150	na	OK	Hexactinellida	Hexactinellida	Pheronematidae	Poliopogon	Poliopogon n. sp.	Poliopogon n. sp.	NO	NO	NZ-337	WB-00189
NZ-350	NZ-350	Sponge	24.02.17	Day16	85ROV19	Southern Kermadec Ridge	na	na	-35.6093216	178.8540955	1164	na	OK	Hexactinellida	Hexactinellida	Euplectellidae	Regadrella	Regadrella sp. 2	Regadrella sp. 2	YES	YES	NZ-350	WB-00201
SO254_85_1	SO254_85	Seawater	24.02.17	Day16	85ROV19	Southern Kermadec Ridge	na	na	-35.6099167	178.8537292	1152	na	na	Seawater	Seawater	Seawater	Seawater	Seawater	Seawater_85	YES	YES	na	na
SO254_85_2	SO254_85	Seawater	24.02.17	Day16	85ROV19	Southern Kermadec Ridge	na	na	-35.6099167	178.8537292	1152	na	na	Seawater	Seawater	Seawater	Seawater	Seawater	Seawater_85	YES	YES	na	na
SO254_85_3	SO254_85	Seawater	24.02.17	Day16	85ROV19	Southern Kermadec Ridge	na	na	-35.6099167	178.8537292	1152	na	na	Seawater	Seawater	Seawater	Seawater	Seawater	Seawater_85	YES	YES	na	na
NZ-347	NZ-347	Sponge	24.02.17	Day16	85ROV19	Southern Kermadec Ridge	na	na	-35.6090736	178.8538818	1169	na	UNKNOWN	unknown sponge	unknown sponge	unknown sponge	unknown sponge	unknown sponge	unknown sponge	NO	NO	NZ-347	WB-00198
SO254_23_1	SO254_23	Seawater	04.02.17	Day06	CTD23	Kermadec trench/slope	na	na	-29.266617	-176.700083	4470	na	na	Seawater	Seawater	Seawater	Seawater	Seawater	Seawater_23	YES	YES	na	na
SO254_23_2	SO254_23	Seawater	04.02.17	Day06	CTD23	Kermadec trench/slope	na	na	-29.266617	-176.700083	4470	na	na	Seawater	Seawater	Seawater	Seawater	Seawater	Seawater_23	YES	YES	na	na
SO254_23_3	SO254_23	Seawater	04.02.17	Day06	CTD23	Kermadec trench/slope	na	na	-29.266617	-176.700083	4470	na	na	Seawater	Seawater	Seawater	Seawater	Seawater	Seawater_23	YES	YES	na	na
Mock1	Mock1	Mock	na	na	na	na	na	na	na	na	na	na	na	na	na	na	na	na	na	na	na	na	na
Mock2	Mock2	Mock	na	na	na	na	na	na	na	na	na	na	na	na	na	na	na	na	na	na	na	na	na
Mock3	Mock3	Mock	na	na	na	na	na	na	na	na	na	na	na	na	na	na	na	na	na	na	na	na	na
Mock4	Mock4	Mock	na	na	na	na	na	na	na	na	na	na	na	na	na	na	na	na	na	na	na	na	na
NIWA127200	NIWA127200	NIWA	na	na	na	na	na	na	na	na	na	na	na	na	na	na	na	na	na	na	na	na	na
NIWA127239	NIWA127239	NIWA	na	na	na	na	na	na	na	na	na	na	na	na	na	na	na	na	na	na	na	na	na
NIWA127245	NIWA127245	NIWA	na	na	na	na	na	na	na	na	na	na	na	na	na	na	na	na	na	na	na	na	na
NTC1	NTC1	NC	na	na	na	na	na	na	na	na	na	na	na	na	na	na	na	na	na	na	na	na	na
NTC2	NTC2	NC	na	na	na	na	na	na	na	na	na	na	na	na	na	na	na	na	na	na	na	na	na
NTC3	NTC3	NC	na	na	na	na	na	na	na	na	na	na	na	na	na	na	na	na	na	na	na	na	na
NTC4	NTC4	NC	na	na	na	na	na	na	na	na	na	na	na	na	na	na	na	na	na	na	na	na	na
NTC5	NTC5	NC	na	na	na	na	na	na	na	na	na	na	na	na	na	na	na	na	na	na	na	na	na
NTC6	NTC6	NC	na	na	na	na	na	na	na	na	na	na	na	na	na	na	na	na	na	na	na	na	na
NTC7	NTC7	NC	na	na	na	na	na	na	na	na	na	na	na	na	na	na	na	na	na	na	na	na	na
NTC8	NTC8	NC	na	na	na	na	na	na	na	na	na	na	na	na	na	na	na	na	na	na	na	na	na
P1	P1	PosC	na	na	na	na	na	na	na	na	na	na	na	na	na	na	na	na	na	na	na	na	na
P2	P2	PosC	na	na	na	na	na	na	na	na	na	na	na	na	na	na	na	na	na	na	na	na	na
P3	P3	PosC	na	na	na	na	na	na	na	na	na	na	na	na	na	na	na	na	na	na	na	na	na
P4	P4	PosC	na	na	na	na	na	na	na	na	na	na	na	na	na	na	na	na	na	na	na	na	na
P5	P5	PosC	na	na	na	na	na	na	na	na	na	na	na	na	na	na	na	na	na	na	na	na	na
P6	P6	PosC	na	na	na	na	na	na	na	na	na	na	na	na	na	na	na	na	na	na	na	na	na
P7	P7	PosC	na	na	na	na	na	na	na	na	na	na	na	na	na	na	na	na	na	na	na	na	na
P8	P8	PosC	na	na	na	na	na	na	na	na	na	na	na	na	na	na	na	na	na	na	na	na	na